# Generated by `python3 scripts/license_headers.py --apply`; do not edit. One row per tracked crates/**/*.rs file:
# path, the first 16 hex digits of the SHA-256 of its license header (the leading comment lines, LF line endings, up to the first line of code), its licenses (SPDX) and its origin files (project:path). `license_headers.py --check` compares the headers with it where the upstream sources are not available.
crates/cli/src/abstract_command_line_runner.rs	0d5133d949c7ea57	Apache-2.0	closure:src/com/google/javascript/jscomp/FlagUsageException.java; closure:src/com/google/javascript/jscomp/AbstractCommandLineRunner.java; closure:src/com/google/javascript/jscomp/Compiler.java
crates/cli/src/abstract_command_line_runner_jdk.rs	b51318744fa36da0	GPL-2.0-only WITH Classpath-exception-2.0	jdk:java.base/java/lang/Throwable.java
crates/cli/src/args4j/cmd_line_exception.rs	d67d89f7d59aee44	MIT	args4j:org/kohsuke/args4j/CmdLineException.java
crates/cli/src/args4j/cmd_line_parser.rs	2b03f03c9fd38d7e	MIT	args4j:org/kohsuke/args4j/CmdLineParser.java
crates/cli/src/args4j/messages.rs	45c908572705c332	MIT	args4j:org/kohsuke/args4j/Messages.java; args4j:org/kohsuke/args4j/spi/Messages.java
crates/cli/src/args4j/mod.rs	322fc2ba37b98b96	Apache-2.0	-
crates/cli/src/args4j/named_option_def.rs	ef6657f93a8d4023	MIT	args4j:org/kohsuke/args4j/NamedOptionDef.java
crates/cli/src/args4j/option_def.rs	7b96b7e19e8b18d5	MIT	args4j:org/kohsuke/args4j/OptionDef.java
crates/cli/src/args4j/parser_properties.rs	83915046c422e2c6	MIT	args4j:org/kohsuke/args4j/ParserProperties.java
crates/cli/src/args4j/spi/boolean_option_handler.rs	c3030b11d9cea685	MIT	args4j:org/kohsuke/args4j/spi/BooleanOptionHandler.java
crates/cli/src/args4j/spi/enum_option_handler.rs	720472f58fb734ab	MIT	args4j:org/kohsuke/args4j/spi/EnumOptionHandler.java
crates/cli/src/args4j/spi/int_option_handler.rs	8f7e1d5ee6753c88	MIT	args4j:org/kohsuke/args4j/spi/IntOptionHandler.java; args4j:org/kohsuke/args4j/spi/OneArgumentOptionHandler.java
crates/cli/src/args4j/spi/map_option_handler.rs	43017f31f4420570	MIT	args4j:org/kohsuke/args4j/spi/MapOptionHandler.java
crates/cli/src/args4j/spi/mod.rs	322fc2ba37b98b96	Apache-2.0	-
crates/cli/src/args4j/spi/option_handler.rs	5cfc152aaa1d8bb4	MIT	args4j:org/kohsuke/args4j/spi/OptionHandler.java
crates/cli/src/args4j/spi/parameters.rs	2b03f03c9fd38d7e	MIT	args4j:org/kohsuke/args4j/CmdLineParser.java
crates/cli/src/args4j/spi/setter.rs	8e2b1e0d323f246e	MIT	args4j:org/kohsuke/args4j/spi/MultiValueFieldSetter.java
crates/cli/src/args4j/spi/string_option_handler.rs	4266138ff69380d5	MIT	args4j:org/kohsuke/args4j/spi/StringOptionHandler.java
crates/cli/src/command_line_config.rs	a7edd462dd41658b	Apache-2.0	closure:src/com/google/javascript/jscomp/AbstractCommandLineRunner.java
crates/cli/src/command_line_runner.rs	8e3a59c343aa9f46	Apache-2.0	closure:src/com/google/javascript/jscomp/CommandLineRunner.java; closure:src/com/google/javascript/jscomp/AbstractCommandLineRunner.java
crates/cli/src/gson/json_reader.rs	768d4346fbbd6372	Apache-2.0	gson:com/google/gson/stream/JsonReader.java; gson:com/google/gson/internal/bind/TypeAdapters.java; closure:src/com/google/javascript/jscomp/AbstractCommandLineRunner.java; gson:com/google/gson/Gson.java
crates/cli/src/gson/json_writer.rs	71bc145e681d09af	Apache-2.0	gson:com/google/gson/stream/JsonWriter.java; gson:com/google/gson/Gson.java; gson:com/google/gson/internal/Streams.java
crates/cli/src/gson/mod.rs	322fc2ba37b98b96	Apache-2.0	-
crates/cli/src/java_io.rs	a7edd462dd41658b	Apache-2.0	closure:src/com/google/javascript/jscomp/AbstractCommandLineRunner.java
crates/cli/src/java_util_logging_level.rs	322fc2ba37b98b96	Apache-2.0	-
crates/cli/src/jdk_globs.rs	8956086764e6f64c	GPL-2.0-only WITH Classpath-exception-2.0	jdk:java.base/java/util/regex/Pattern.java; jdk:java.base/java/util/regex/PatternSyntaxException.java; jdk:java.base/sun/nio/fs/UnixFileSystem.java; jdk:java.base/java/util/regex/Matcher.java; jdk:java.base/sun/nio/fs/Globs.java
crates/cli/src/lib.rs	322fc2ba37b98b96	Apache-2.0	-
crates/cli/src/main.rs	2b1f60a2d72bebb3	Apache-2.0	closure:src/com/google/javascript/jscomp/CommandLineRunner.java
crates/cli/src/option_setup.rs	128a65535ba95a44	Apache-2.0	own:crates/cli/tools/CliOptionSetup.java
crates/cli/src/stand_in/chrome_coding_convention.rs	98cfa396f9d85373	Apache-2.0	closure:src/com/google/javascript/jscomp/ChromeCodingConvention.java
crates/cli/src/stand_in/mod.rs	322fc2ba37b98b96	Apache-2.0	-
crates/cli/src/verifying_error_manager.rs	b5a8124e1141845d	Apache-2.0	closure:src/com/google/javascript/jscomp/VerifyingErrorManager.java; closure:src/com/google/javascript/jscomp/ThreadSafeDelegatingErrorManager.java
crates/cli/tests/cli_golden_test.rs	322fc2ba37b98b96	Apache-2.0	-
crates/cli/tests/command_line_runner_test.rs	9a0852b6bc945439	Apache-2.0	closure:test/com/google/javascript/jscomp/CommandLineRunnerTest.java
crates/cli/tests/common/mod.rs	322fc2ba37b98b96	Apache-2.0	-
crates/cli/tests/compiler_define_test.rs	c0f722255ca8980e	Apache-2.0	closure:test/com/google/javascript/jscomp/CompilerTest.java
crates/cli/tests/exception_golden_test.rs	322fc2ba37b98b96	Apache-2.0	-
crates/cli/tests/fuzz_regression_test.rs	322fc2ba37b98b96	Apache-2.0	-
crates/cli/tests/glob_golden_test.rs	322fc2ba37b98b96	Apache-2.0	-
crates/cli/tests/java_io_test.rs	322fc2ba37b98b96	Apache-2.0	-
crates/cli/tests/json_golden_test.rs	322fc2ba37b98b96	Apache-2.0	-
crates/cli/tests/option_setup_test.rs	322fc2ba37b98b96	Apache-2.0	-
crates/cli/tests/utf16_output_test.rs	322fc2ba37b98b96	Apache-2.0	-
crates/jscomp/examples/compiler_whitespace_check.rs	322fc2ba37b98b96	Apache-2.0	-
crates/jscomp/examples/d2_stderr_check.rs	322fc2ba37b98b96	Apache-2.0	-
crates/jscomp/examples/namegen_compare.rs	322fc2ba37b98b96	Apache-2.0	-
crates/jscomp/src/abstract_compiler.rs	68176edd1f884644	Apache-2.0	closure:src/com/google/javascript/jscomp/AbstractCompiler.java
crates/jscomp/src/abstract_message_formatter.rs	054ec126c20788a1	Apache-2.0	closure:src/com/google/javascript/jscomp/AbstractMessageFormatter.java
crates/jscomp/src/abstract_peephole_optimization.rs	48ba817d8326d8ca	Apache-2.0	closure:src/com/google/javascript/jscomp/AbstractPeepholeOptimization.java
crates/jscomp/src/abstract_peephole_transpilation.rs	7d4f304eccd13ffd	Apache-2.0	closure:src/com/google/javascript/jscomp/AbstractPeepholeTranspilation.java
crates/jscomp/src/abstract_scope.rs	e2d64c853921e5fe	Apache-2.0	closure:src/com/google/javascript/jscomp/AbstractScope.java
crates/jscomp/src/abstract_scope_rhino.rs	faa76e21c9b230b5	(MPL-1.1 OR GPL-2.0-or-later)	closure:src/com/google/javascript/rhino/StaticScope.java
crates/jscomp/src/abstract_var.rs	6cefb322926865ff	Apache-2.0	closure:src/com/google/javascript/jscomp/AbstractVar.java
crates/jscomp/src/access_control_utils.rs	c431e67afe203680	Apache-2.0	closure:src/com/google/javascript/jscomp/AccessControlUtils.java
crates/jscomp/src/accessor_summary.rs	9496790771c39aeb	Apache-2.0	closure:src/com/google/javascript/jscomp/AccessorSummary.java
crates/jscomp/src/alias_strings.rs	be3e70b4142980c5	Apache-2.0	closure:src/com/google/javascript/jscomp/AliasStrings.java
crates/jscomp/src/allow_list_warnings_guard.rs	88f946f1a4e9850c	Apache-2.0	closure:src/com/google/javascript/jscomp/AllowlistWarningsGuard.java
crates/jscomp/src/analyze_prototype_properties.rs	0b2e1b0d0424f47d	Apache-2.0	closure:src/com/google/javascript/jscomp/AnalyzePrototypeProperties.java
crates/jscomp/src/angular_pass.rs	5cd69e893984d29c	Apache-2.0	closure:src/com/google/javascript/jscomp/AngularPass.java; closure:src/com/google/javascript/jscomp/NodeTraversal.java
crates/jscomp/src/annotations/legacy_set_feature_set_caller.rs	a48afe8a4f995ece	Apache-2.0	closure:src/com/google/javascript/jscomp/annotations/LegacySetFeatureSetCaller.java
crates/jscomp/src/annotations/mod.rs	322fc2ba37b98b96	Apache-2.0	-
crates/jscomp/src/ast_analyzer.rs	0a963099ccb7b530	Apache-2.0	closure:src/com/google/javascript/jscomp/AstAnalyzer.java
crates/jscomp/src/ast_factory.rs	6921e19635b8a650	Apache-2.0	closure:src/com/google/javascript/jscomp/AstFactory.java
crates/jscomp/src/ast_manipulations.rs	09b18083607c921b	Apache-2.0	closure:src/com/google/javascript/jscomp/AstManipulations.java
crates/jscomp/src/ast_validator.rs	3cade316133f80e2	Apache-2.0	closure:src/com/google/javascript/jscomp/AstValidator.java
crates/jscomp/src/basic_block.rs	ba7bc35d837c2a38	Apache-2.0	closure:src/com/google/javascript/jscomp/BasicBlock.java
crates/jscomp/src/basic_error_manager.rs	8774517bfdf0271d	Apache-2.0	closure:src/com/google/javascript/jscomp/BasicErrorManager.java; closure:src/com/google/javascript/jscomp/SortingErrorManager.java
crates/jscomp/src/black_hole_error_manager.rs	6a83482029643851	Apache-2.0	closure:src/com/google/javascript/jscomp/BlackHoleErrorManager.java; closure:src/com/google/javascript/jscomp/SortingErrorManager.java
crates/jscomp/src/bundle/mod.rs	322fc2ba37b98b96	Apache-2.0	-
crates/jscomp/src/bundle/transpilation_exception.rs	494338096036575a	Apache-2.0	closure:src/com/google/javascript/jscomp/bundle/TranspilationException.java
crates/jscomp/src/by_path_warnings_guard.rs	ec59c31af617dd4b	Apache-2.0	closure:src/com/google/javascript/jscomp/ByPathWarningsGuard.java
crates/jscomp/src/chainable_reverse_abstract_interpreter.rs	28df1946a06cdd47	Apache-2.0	closure:src/com/google/javascript/jscomp/type/ChainableReverseAbstractInterpreter.java
crates/jscomp/src/change_tracker.rs	8a9efd300dbca4a1	Apache-2.0	closure:src/com/google/javascript/jscomp/ChangeTracker.java; closure:test/com/google/javascript/jscomp/ChangeTrackerTest.java
crates/jscomp/src/change_verifier.rs	e75100342522a5ea	Apache-2.0	closure:src/com/google/javascript/jscomp/ChangeVerifier.java
crates/jscomp/src/check_access_controls.rs	f6f9ed1a978eb563	Apache-2.0	closure:src/com/google/javascript/jscomp/CheckAccessControls.java
crates/jscomp/src/check_closure_imports.rs	155e94b974a3bdcc	Apache-2.0	closure:src/com/google/javascript/jscomp/CheckClosureImports.java
crates/jscomp/src/check_closure_imports_rhino.rs	ae29b0f963dc7ce7	(MPL-1.1 OR GPL-2.0-or-later)	closure:src/com/google/javascript/rhino/Node.java
crates/jscomp/src/check_conformance.rs	bfe8fddd1ca0b969	Apache-2.0	closure:src/com/google/javascript/jscomp/CheckConformance.java; closure:src/com/google/javascript/jscomp/ConformanceRules.java
crates/jscomp/src/check_debugger_statement.rs	3707c6da1c6f3903	Apache-2.0	closure:src/com/google/javascript/jscomp/CheckDebuggerStatement.java; closure:src/com/google/javascript/jscomp/NodeTraversal.java
crates/jscomp/src/check_global_this.rs	6b65ffb3737fd10b	Apache-2.0	closure:src/com/google/javascript/jscomp/CheckGlobalThis.java
crates/jscomp/src/check_jsdoc.rs	cfd3700cb19c7b9b	Apache-2.0	closure:src/com/google/javascript/jscomp/CheckJSDoc.java; closure:src/com/google/javascript/jscomp/NodeTraversal.java
crates/jscomp/src/check_level.rs	76e13384d6eb818d	Apache-2.0	closure:src/com/google/javascript/jscomp/CheckLevel.java
crates/jscomp/src/check_missing_requires.rs	a8ef4b5d9c3c3535	Apache-2.0	closure:src/com/google/javascript/jscomp/CheckMissingRequires.java
crates/jscomp/src/check_missing_return.rs	ae83114281ed1144	Apache-2.0	closure:src/com/google/javascript/jscomp/CheckMissingReturn.java
crates/jscomp/src/check_reg_exp.rs	89752d769aa3d407	Apache-2.0	closure:src/com/google/javascript/jscomp/CheckRegExp.java; closure:src/com/google/javascript/jscomp/NodeTraversal.java
crates/jscomp/src/check_side_effects.rs	c448f250b777aba2	Apache-2.0	closure:src/com/google/javascript/jscomp/CheckSideEffects.java; closure:src/com/google/javascript/jscomp/NodeTraversal.java
crates/jscomp/src/check_super.rs	74bf25295c999b5c	Apache-2.0	closure:src/com/google/javascript/jscomp/CheckSuper.java
crates/jscomp/src/check_suspicious_code.rs	a3dfb3a369f1d545	Apache-2.0	closure:src/com/google/javascript/jscomp/CheckSuspiciousCode.java; closure:src/com/google/javascript/jscomp/NodeTraversal.java
crates/jscomp/src/check_type_import_code_references.rs	1c8684b5a972cc2c	Apache-2.0	closure:src/com/google/javascript/jscomp/CheckTypeImportCodeReferences.java; closure:src/com/google/javascript/jscomp/NodeTraversal.java
crates/jscomp/src/check_unreachable_code.rs	976ba2f8436db648	Apache-2.0	closure:src/com/google/javascript/jscomp/CheckUnreachableCode.java
crates/jscomp/src/chunked_vec.rs	322fc2ba37b98b96	Apache-2.0	-
crates/jscomp/src/closure_check_module.rs	78e6e50c5a48566c	Apache-2.0	closure:src/com/google/javascript/jscomp/ClosureCheckModule.java; closure:src/com/google/javascript/jscomp/NodeUtil.java
crates/jscomp/src/closure_code_removal.rs	0e1ff4fa189b4629	Apache-2.0	closure:src/com/google/javascript/jscomp/ClosureCodeRemoval.java; closure:src/com/google/javascript/jscomp/NodeTraversal.java
crates/jscomp/src/closure_coding_convention.rs	a2056b96c91fe2c4	Apache-2.0	closure:src/com/google/javascript/jscomp/ClosureCodingConvention.java
crates/jscomp/src/closure_coding_convention_rhino.rs	ae29b0f963dc7ce7	(MPL-1.1 OR GPL-2.0-or-later)	closure:src/com/google/javascript/rhino/Node.java
crates/jscomp/src/closure_optimize_primitives.rs	b84a821b3d945fc8	Apache-2.0	closure:src/com/google/javascript/jscomp/ClosureOptimizePrimitives.java; closure:src/com/google/javascript/jscomp/NodeTraversal.java
crates/jscomp/src/closure_primitive_errors.rs	0b2ba9fb182abd31	Apache-2.0	closure:src/com/google/javascript/jscomp/ClosurePrimitiveErrors.java
crates/jscomp/src/closure_reverse_abstract_interpreter.rs	0521ff6c2166caff	Apache-2.0	closure:src/com/google/javascript/jscomp/type/ClosureReverseAbstractInterpreter.java
crates/jscomp/src/closure_rewrite_module.rs	f3f5944e05476988	Apache-2.0	closure:src/com/google/javascript/jscomp/ClosureRewriteModule.java; closure:src/com/google/javascript/jscomp/NodeTraversal.java
crates/jscomp/src/closure_unaware_code_warnings_guard.rs	13cec3d127229ffb	Apache-2.0	closure:src/com/google/javascript/jscomp/ClosureUnawareCodeWarningsGuard.java
crates/jscomp/src/closure_unaware_options.rs	db50e674e2308a9e	Apache-2.0	closure:src/com/google/javascript/jscomp/ClosureUnawareOptions.java
crates/jscomp/src/coalesce_variable_names.rs	ab3c527e6d6fed87	Apache-2.0	closure:src/com/google/javascript/jscomp/MemoizedScopeCreator.java; closure:src/com/google/javascript/jscomp/CoalesceVariableNames.java; closure:src/com/google/javascript/jscomp/NodeTraversal.java
crates/jscomp/src/code_change_handler.rs	edd38824d4200563	Apache-2.0	closure:src/com/google/javascript/jscomp/CodeChangeHandler.java
crates/jscomp/src/code_consumer.rs	5b748e09f76c040f	Apache-2.0	closure:src/com/google/javascript/jscomp/CodeConsumer.java
crates/jscomp/src/code_generator.rs	c25496936300164b	Apache-2.0	closure:src/com/google/javascript/jscomp/CodeGenerator.java
crates/jscomp/src/code_printer.rs	4c335c33faad3d1d	Apache-2.0	closure:src/com/google/javascript/jscomp/CodePrinter.java
crates/jscomp/src/coding_convention.rs	f570360b4c96fbd7	Apache-2.0	closure:src/com/google/javascript/jscomp/CodingConvention.java
crates/jscomp/src/coding_conventions.rs	d62f8b6f2c938cce	Apache-2.0	closure:src/com/google/javascript/jscomp/CodingConventions.java
crates/jscomp/src/collapse_anonymous_functions.rs	b0e892ce9196b7ee	Apache-2.0	closure:src/com/google/javascript/jscomp/CollapseAnonymousFunctions.java; closure:src/com/google/javascript/jscomp/NodeTraversal.java
crates/jscomp/src/collapse_variable_declarations.rs	42a43de270c1d87f	Apache-2.0	closure:src/com/google/javascript/jscomp/CollapseVariableDeclarations.java; closure:src/com/google/javascript/jscomp/NodeTraversal.java
crates/jscomp/src/collect_file_overview_visibility.rs	5640ceeb94bc527c	Apache-2.0	closure:src/com/google/javascript/jscomp/CollectFileOverviewVisibility.java
crates/jscomp/src/combined_compiler_pass.rs	8f7b2a6c5205a56c	Apache-2.0	closure:src/com/google/javascript/jscomp/CombinedCompilerPass.java
crates/jscomp/src/compilation_level.rs	509249a2824cfc33	Apache-2.0	closure:src/com/google/javascript/jscomp/CompilationLevel.java
crates/jscomp/src/compile_metrics_recorder_interface.rs	32ebba13fb181504	Apache-2.0	closure:src/com/google/javascript/jscomp/CompileMetricsRecorderInterface.java
crates/jscomp/src/compiler.rs	1805ee803f7c1441	Apache-2.0	closure:src/com/google/javascript/jscomp/Compiler.java
crates/jscomp/src/compiler_executor.rs	00e0cf28ae477ccd	Apache-2.0	closure:src/com/google/javascript/jscomp/CompilerExecutor.java
crates/jscomp/src/compiler_input.rs	30ae0e56d2be2b9f	Apache-2.0	closure:src/com/google/javascript/jscomp/CompilerInput.java
crates/jscomp/src/compiler_input_provider.rs	c8103e59c6bfec18	Apache-2.0	closure:src/com/google/javascript/jscomp/CompilerInputProvider.java; closure:src/com/google/javascript/jscomp/Compiler.java
crates/jscomp/src/compiler_license_tracker.rs	1805ee803f7c1441	Apache-2.0	closure:src/com/google/javascript/jscomp/Compiler.java
crates/jscomp/src/compiler_options.rs	8e28e99bc194d049	Apache-2.0	closure:src/com/google/javascript/jscomp/CompilerOptions.java
crates/jscomp/src/compiler_options_preprocessor.rs	e187f68aa12c14e0	Apache-2.0	closure:src/com/google/javascript/jscomp/CompilerOptionsPreprocessor.java
crates/jscomp/src/compiler_pass.rs	6fc580610bb9d7a1	Apache-2.0	closure:src/com/google/javascript/jscomp/CompilerPass.java
crates/jscomp/src/compiler_source_excerpt_provider.rs	1805ee803f7c1441	Apache-2.0	closure:src/com/google/javascript/jscomp/Compiler.java
crates/jscomp/src/compiler_state_proto.rs	027fd8307d737e8d	Apache-2.0	closure:src/com/google/javascript/jscomp/compiler_state/compiler_state.proto
crates/jscomp/src/compiler_warnings_guard.rs	322fc2ba37b98b96	Apache-2.0	-
crates/jscomp/src/compose_warnings_guard.rs	862e0a6f0909817a	Apache-2.0	closure:src/com/google/javascript/jscomp/ComposeWarningsGuard.java
crates/jscomp/src/concretize_static_inheritance_for_inlining.rs	8c987424d4197b97	Apache-2.0	closure:src/com/google/javascript/jscomp/ConcretizeStaticInheritanceForInlining.java
crates/jscomp/src/conformance_config.rs	ac52dc8b5d08786a	Apache-2.0	closure:src/com/google/javascript/jscomp/conformance/conformance.proto
crates/jscomp/src/conformance_pass_config.rs	9e46091ff3dbdc50	Apache-2.0	closure:src/com/google/javascript/jscomp/ConformancePassConfig.java
crates/jscomp/src/conformance_rules.rs	bfe8fddd1ca0b969	Apache-2.0	closure:src/com/google/javascript/jscomp/ConformanceRules.java; closure:src/com/google/javascript/jscomp/CheckConformance.java
crates/jscomp/src/const_check.rs	26c9dcc29e0979b2	Apache-2.0	closure:src/com/google/javascript/jscomp/ConstCheck.java; closure:src/com/google/javascript/jscomp/NodeTraversal.java
crates/jscomp/src/control_flow_analysis.rs	a2141a1811015cd1	Apache-2.0	closure:src/com/google/javascript/jscomp/ControlFlowAnalysis.java
crates/jscomp/src/control_flow_graph.rs	b1cc8a6bc0e4cdb3	Apache-2.0	closure:src/com/google/javascript/jscomp/ControlFlowGraph.java; closure:src/com/google/javascript/jscomp/ControlFlowAnalysis.java; closure:src/com/google/javascript/jscomp/NodeTraversal.java
crates/jscomp/src/convert_chunks_to_es_modules.rs	b0c4357fc1446169	Apache-2.0	closure:src/com/google/javascript/jscomp/ConvertChunksToESModules.java; closure:src/com/google/javascript/jscomp/NodeTraversal.java
crates/jscomp/src/convert_to_dotted_properties.rs	74c4a1468f572664	Apache-2.0	closure:src/com/google/javascript/jscomp/ConvertToDottedProperties.java; closure:src/com/google/javascript/jscomp/NodeTraversal.java
crates/jscomp/src/coverage_instrumentation_pass.rs	322fc2ba37b98b96	Apache-2.0	-
crates/jscomp/src/create_synthetic_blocks.rs	04cb07d05da52d3e	Apache-2.0	closure:src/com/google/javascript/jscomp/CreateSyntheticBlocks.java; closure:src/com/google/javascript/jscomp/NodeTraversal.java
crates/jscomp/src/cross_chunk_code_motion.rs	7e66a5687c89a036	Apache-2.0	closure:src/com/google/javascript/jscomp/CrossChunkCodeMotion.java
crates/jscomp/src/cross_chunk_method_motion.rs	ca595c5c70155d5a	Apache-2.0	closure:src/com/google/javascript/jscomp/CrossChunkMethodMotion.java
crates/jscomp/src/cross_chunk_reference_collector.rs	ab5b50999a358ac2	Apache-2.0	closure:src/com/google/javascript/jscomp/CrossChunkReferenceCollector.java
crates/jscomp/src/css_renaming_map.rs	06b5109fa09e6344	Apache-2.0	closure:src/com/google/javascript/jscomp/CssRenamingMap.java; closure:src/com/google/javascript/jscomp/RenamingMap.java
crates/jscomp/src/custom_pass_execution_time.rs	f3f3a29eb0d64923	Apache-2.0	closure:src/com/google/javascript/jscomp/CustomPassExecutionTime.java
crates/jscomp/src/data_flow_analysis.rs	8b0ddeebb0257ec3	Apache-2.0	closure:src/com/google/javascript/jscomp/DataFlowAnalysis.java
crates/jscomp/src/dead_assignments_elimination.rs	f382ee88843b8fa2	Apache-2.0	closure:src/com/google/javascript/jscomp/DeadAssignmentsElimination.java; closure:src/com/google/javascript/jscomp/NodeTraversal.java
crates/jscomp/src/dead_property_assignment_elimination.rs	d3aac78aeeef55df	Apache-2.0	closure:src/com/google/javascript/jscomp/DeadPropertyAssignmentElimination.java
crates/jscomp/src/declared_global_externs_on_window.rs	fb2a0249bddb258d	Apache-2.0	closure:src/com/google/javascript/jscomp/DeclaredGlobalExternsOnWindow.java; closure:src/com/google/javascript/jscomp/NodeTraversal.java
crates/jscomp/src/default_name_generator.rs	a736a85107529db7	Apache-2.0	closure:src/com/google/javascript/jscomp/DefaultNameGenerator.java
crates/jscomp/src/default_pass_config.rs	7012b7f4f62feb71	Apache-2.0	closure:src/com/google/javascript/jscomp/DefaultPassConfig.java; closure:src/com/google/javascript/jscomp/CombinedCompilerPass.java; closure:src/com/google/javascript/jscomp/CompilerPass.java; closure:src/com/google/javascript/jscomp/J2clPass.java
crates/jscomp/src/denormalize.rs	855c6c3cf69f825f	Apache-2.0	closure:src/com/google/javascript/jscomp/Denormalize.java
crates/jscomp/src/dependency_options.rs	6b414de3729fa854	Apache-2.0	closure:src/com/google/javascript/jscomp/DependencyOptions.java
crates/jscomp/src/deps/browser_module_resolver.rs	58bcc3a3ce787f53	Apache-2.0	closure:src/com/google/javascript/jscomp/deps/BrowserModuleResolver.java; closure:src/com/google/javascript/jscomp/deps/ModuleResolver.java
crates/jscomp/src/deps/browser_with_transformed_prefixes_module_resolver.rs	ec4ca5502faa5e22	Apache-2.0	closure:src/com/google/javascript/jscomp/deps/BrowserWithTransformedPrefixesModuleResolver.java; closure:src/com/google/javascript/jscomp/deps/ModuleResolver.java
crates/jscomp/src/deps/closure_bundler.rs	938439117eb0643d	Apache-2.0	closure:src/com/google/javascript/jscomp/deps/ClosureBundler.java
crates/jscomp/src/deps/closure_bundler/tests.rs	3b4aee3369c9cf57	Apache-2.0	closure:src/com/google/javascript/jscomp/bundle/Transpiler.java; closure:src/com/google/javascript/jscomp/deps/ClosureBundler.java
crates/jscomp/src/deps/dependency_info.rs	98fae1f37457083f	Apache-2.0	closure:src/com/google/javascript/jscomp/deps/DependencyInfo.java; closure:test/com/google/javascript/jscomp/deps/DependencyInfoTest.java
crates/jscomp/src/deps/deps_file_regex_parser.rs	7641eda085b9f0b6	Apache-2.0	closure:src/com/google/javascript/jscomp/deps/DepsFileRegexParser.java; closure:src/com/google/javascript/jscomp/deps/JsFileLineParser.java
crates/jscomp/src/deps/deps_file_regex_parser/tests.rs	42f6d7c53990df3c	Apache-2.0	closure:test/com/google/javascript/jscomp/deps/DepsFileRegexParserTest.java
crates/jscomp/src/deps/js_file_line_parser.rs	66ee5bb2a1f586c9	Apache-2.0	closure:src/com/google/javascript/jscomp/deps/JsFileLineParser.java; guava:com/google/common/base/CharMatcher.java
crates/jscomp/src/deps/js_file_line_parser/tests.rs	6f161ab7aecc81e7	Apache-2.0	closure:test/com/google/javascript/jscomp/deps/JsFileLineParserTest.java; closure:src/com/google/javascript/jscomp/deps/JsFileLineParser.java
crates/jscomp/src/deps/js_file_regex_parser.rs	4ffd21474b846a37	Apache-2.0	closure:src/com/google/javascript/jscomp/deps/JsFileRegexParser.java; closure:src/com/google/javascript/jscomp/deps/JsFileLineParser.java
crates/jscomp/src/deps/js_file_regex_parser/tests.rs	1c406b70036b2b80	Apache-2.0	closure:test/com/google/javascript/jscomp/deps/JsFileRegexParserTest.java
crates/jscomp/src/deps/mod.rs	322fc2ba37b98b96	Apache-2.0	-
crates/jscomp/src/deps/module_loader.rs	ed8cae5221a471e8	Apache-2.0	closure:src/com/google/javascript/jscomp/deps/ModuleLoader.java
crates/jscomp/src/deps/module_loader/tests.rs	d871d3df62039950	Apache-2.0	closure:test/com/google/javascript/jscomp/deps/ModuleLoaderTest.java; closure:src/com/google/javascript/jscomp/deps/ModuleLoader.java
crates/jscomp/src/deps/module_names.rs	8bbfbaafb7abd0ee	Apache-2.0	closure:src/com/google/javascript/jscomp/deps/ModuleNames.java
crates/jscomp/src/deps/module_resolver.rs	df368711967e8c68	Apache-2.0	closure:src/com/google/javascript/jscomp/deps/ModuleResolver.java; closure:src/com/google/javascript/jscomp/ErrorHandler.java; closure:src/com/google/javascript/jscomp/JSError.java
crates/jscomp/src/deps/node_module_resolver.rs	15c24611c3386db4	Apache-2.0	closure:src/com/google/javascript/jscomp/deps/NodeModuleResolver.java; closure:src/com/google/javascript/jscomp/deps/ModuleResolver.java
crates/jscomp/src/deps/simple_dependency_info.rs	8b4d3252ca8a5a0b	Apache-2.0	closure:src/com/google/javascript/jscomp/deps/SimpleDependencyInfo.java
crates/jscomp/src/deps/sorted_dependencies.rs	e0baf3afa0f4d7ed	Apache-2.0	closure:src/com/google/javascript/jscomp/deps/SortedDependencies.java
crates/jscomp/src/deps/sorted_dependencies/tests.rs	8bc4a6621ee9205d	Apache-2.0	closure:test/com/google/javascript/jscomp/deps/SortedDependenciesTest.java
crates/jscomp/src/deps/source_code_escapers.rs	6a341757c6cf8f2e	Apache-2.0	closure:src/com/google/javascript/jscomp/deps/SourceCodeEscapers.java; closure:test/com/google/javascript/jscomp/deps/SourceCodeEscapersTest.java
crates/jscomp/src/deps/webpack_module_resolver.rs	595fa343256f8263	Apache-2.0	closure:src/com/google/javascript/jscomp/deps/WebpackModuleResolver.java; closure:src/com/google/javascript/jscomp/deps/ModuleResolver.java; closure:src/com/google/javascript/jscomp/deps/NodeModuleResolver.java
crates/jscomp/src/destructured_target.rs	3f1b24220662d681	Apache-2.0	closure:src/com/google/javascript/jscomp/DestructuredTarget.java
crates/jscomp/src/destructuring_global_name_extractor.rs	582685b043dd2ded	Apache-2.0	closure:src/com/google/javascript/jscomp/DestructuringGlobalNameExtractor.java
crates/jscomp/src/devirtualize_methods.rs	6bef735999689935	Apache-2.0	closure:src/com/google/javascript/jscomp/DevirtualizeMethods.java
crates/jscomp/src/diagnostic/log_file.rs	f44a68c73528b459	Apache-2.0	closure:src/com/google/javascript/jscomp/diagnostic/LogFile.java
crates/jscomp/src/diagnostic/logs_gson.rs	c09a7a0b7ccd82f0	Apache-2.0	gson:com/google/gson/TypeAdapter.java; closure:src/com/google/javascript/jscomp/diagnostic/LogsGson.java; gson:com/google/gson/Gson.java; gson:com/google/gson/internal/bind/TypeAdapters.java; gson:com/google/gson/internal/bind/CollectionTypeAdapterFactory.java; gson:com/google/gson/internal/bind/MapTypeAdapterFactory.java
crates/jscomp/src/diagnostic/mod.rs	322fc2ba37b98b96	Apache-2.0	-
crates/jscomp/src/diagnostic/no_op_log_file.rs	4446fe6b78ecb961	Apache-2.0	closure:src/com/google/javascript/jscomp/diagnostic/NoOpLogFile.java
crates/jscomp/src/diagnostic/writing_log_file.rs	3881f453ac8caf67	Apache-2.0	closure:src/com/google/javascript/jscomp/diagnostic/WritingLogFile.java
crates/jscomp/src/diagnostic_group.rs	cff084a6ee561fad	Apache-2.0	closure:src/com/google/javascript/jscomp/DiagnosticGroup.java
crates/jscomp/src/diagnostic_group_path_suppressing_warnings_guard.rs	990331ef03406f6c	Apache-2.0	closure:src/com/google/javascript/jscomp/DiagnosticGroupPathSuppressingWarningsGuard.java
crates/jscomp/src/diagnostic_group_warnings_guard.rs	ff621f047b1eb172	Apache-2.0	closure:src/com/google/javascript/jscomp/DiagnosticGroupWarningsGuard.java
crates/jscomp/src/diagnostic_groups.rs	885afd4da2ef3ba3	Apache-2.0	closure:src/com/google/javascript/jscomp/DiagnosticGroups.java
crates/jscomp/src/diagnostic_type.rs	0d52e95504e64dc9	Apache-2.0	closure:src/com/google/javascript/jscomp/DiagnosticType.java
crates/jscomp/src/disambiguate/ambiguate_properties.rs	4aeab98f0688e42e	Apache-2.0	closure:src/com/google/javascript/jscomp/disambiguate/AmbiguateProperties.java; closure:src/com/google/javascript/jscomp/NodeTraversal.java
crates/jscomp/src/disambiguate/cluster_propagator.rs	246004e2d4e2e849	Apache-2.0	closure:src/com/google/javascript/jscomp/disambiguate/ClusterPropagator.java
crates/jscomp/src/disambiguate/color_find_property_references.rs	cfd795454dbfd33d	Apache-2.0	closure:src/com/google/javascript/jscomp/disambiguate/ColorFindPropertyReferences.java; closure:src/com/google/javascript/jscomp/NodeTraversal.java
crates/jscomp/src/disambiguate/color_graph_builder.rs	5d00a7e321b3494f	Apache-2.0	closure:src/com/google/javascript/jscomp/disambiguate/ColorGraphBuilder.java
crates/jscomp/src/disambiguate/color_graph_node.rs	2d0d5691b6b92879	Apache-2.0	closure:src/com/google/javascript/jscomp/disambiguate/ColorGraphNode.java
crates/jscomp/src/disambiguate/color_graph_node_factory.rs	2b050f56eb826e9c	Apache-2.0	closure:src/com/google/javascript/jscomp/disambiguate/ColorGraphNodeFactory.java
crates/jscomp/src/disambiguate/disambiguate_properties.rs	ab86656889756c0e	Apache-2.0	closure:src/com/google/javascript/jscomp/disambiguate/DisambiguateProperties.java; gson:com/google/gson/Gson.java
crates/jscomp/src/disambiguate/invalidation.rs	b93b869d70d57851	Apache-2.0	closure:src/com/google/javascript/jscomp/disambiguate/Invalidation.java
crates/jscomp/src/disambiguate/property_clustering.rs	5cb5c2de2895b889	Apache-2.0	closure:src/com/google/javascript/jscomp/disambiguate/PropertyClustering.java
crates/jscomp/src/disambiguate/use_site_renamer.rs	ac9800c8ee1ef1a1	Apache-2.0	closure:src/com/google/javascript/jscomp/disambiguate/UseSiteRenamer.java
crates/jscomp/src/dot_formatter.rs	10b8e029e0c8c923	Apache-2.0	closure:src/com/google/javascript/jscomp/DotFormatter.java
crates/jscomp/src/dummy_compile_metrics_recorder.rs	2b9684e26fb54a40	Apache-2.0	closure:src/com/google/javascript/jscomp/DummyCompileMetricsRecorder.java
crates/jscomp/src/empty_message_bundle.rs	2242aa2598d05184	Apache-2.0	closure:src/com/google/javascript/jscomp/EmptyMessageBundle.java
crates/jscomp/src/error_format.rs	18c51ac997c58da1	Apache-2.0	closure:src/com/google/javascript/jscomp/ErrorFormat.java
crates/jscomp/src/error_handler.rs	5d9af083bb81b951	Apache-2.0	closure:src/com/google/javascript/jscomp/ErrorHandler.java
crates/jscomp/src/error_manager.rs	bbbc4ec8039ac1dd	Apache-2.0	closure:src/com/google/javascript/jscomp/ErrorManager.java
crates/jscomp/src/error_pass.rs	dea33c019801ba04	Apache-2.0	closure:src/com/google/javascript/jscomp/ErrorPass.java
crates/jscomp/src/es6_check_module.rs	9e2ca92a5c86bf5b	Apache-2.0	closure:src/com/google/javascript/jscomp/Es6CheckModule.java; closure:src/com/google/javascript/jscomp/NodeTraversal.java
crates/jscomp/src/es6_convert_super.rs	e7b503d4bc0042b9	Apache-2.0	closure:src/com/google/javascript/jscomp/Es6ConvertSuper.java; closure:src/com/google/javascript/jscomp/NodeTraversal.java
crates/jscomp/src/es6_convert_super_constructor_calls.rs	4b28081609e8a6c4	Apache-2.0	closure:src/com/google/javascript/jscomp/Es6ConvertSuperConstructorCalls.java
crates/jscomp/src/es6_for_of_converter.rs	74fc1d267d66f872	Apache-2.0	closure:src/com/google/javascript/jscomp/Es6ForOfConverter.java
crates/jscomp/src/es6_normalize_classes.rs	c9f4f91c890c7c62	Apache-2.0	closure:src/com/google/javascript/jscomp/Es6NormalizeClasses.java
crates/jscomp/src/es6_normalize_shorthand_properties.rs	2e46a49fc614f67d	Apache-2.0	closure:src/com/google/javascript/jscomp/Es6NormalizeShorthandProperties.java
crates/jscomp/src/es6_relativize_import_paths.rs	5908d13a59ef4bba	Apache-2.0	closure:src/com/google/javascript/jscomp/Es6RelativizeImportPaths.java; closure:src/com/google/javascript/jscomp/NodeTraversal.java
crates/jscomp/src/es6_rename_type_references.rs	ef1bf280224e811b	Apache-2.0	closure:src/com/google/javascript/jscomp/Es6RenameTypeReferences.java; closure:src/com/google/javascript/jscomp/NodeTraversal.java
crates/jscomp/src/es6_rewrite_arrow_function.rs	3c0e71b40e89885f	Apache-2.0	closure:src/com/google/javascript/jscomp/Es6RewriteArrowFunction.java
crates/jscomp/src/es6_rewrite_block_scoped_declaration.rs	105023262ffe5d7e	Apache-2.0	closure:src/com/google/javascript/jscomp/Es6RewriteBlockScopedDeclaration.java
crates/jscomp/src/es6_rewrite_block_scoped_function_declaration.rs	71658e61bfe09649	Apache-2.0	closure:src/com/google/javascript/jscomp/Es6RewriteBlockScopedFunctionDeclaration.java; closure:src/com/google/javascript/jscomp/NodeTraversal.java
crates/jscomp/src/es6_rewrite_class.rs	83a684deb4f818c0	Apache-2.0	closure:src/com/google/javascript/jscomp/Es6RewriteClass.java
crates/jscomp/src/es6_rewrite_destructuring.rs	57a8a2d9c8205c19	Apache-2.0	closure:src/com/google/javascript/jscomp/Es6RewriteDestructuring.java
crates/jscomp/src/es6_rewrite_generators.rs	484dcbc68461d296	Apache-2.0	closure:src/com/google/javascript/jscomp/Es6RewriteGenerators.java
crates/jscomp/src/es6_rewrite_modules.rs	a5c9b1cbd758f174	Apache-2.0	closure:src/com/google/javascript/jscomp/Es6RewriteModules.java; closure:src/com/google/javascript/jscomp/NodeTraversal.java
crates/jscomp/src/es6_rewrite_modules_to_common_js_modules.rs	01f8fdb5afd5846a	Apache-2.0	closure:src/com/google/javascript/jscomp/Es6RewriteModulesToCommonJsModules.java; closure:src/com/google/javascript/jscomp/NodeTraversal.java
crates/jscomp/src/es6_rewrite_rest_parameters.rs	c010cd98b237f6d5	Apache-2.0	closure:src/com/google/javascript/jscomp/Es6RewriteRestParameters.java; closure:src/com/google/javascript/jscomp/NodeTraversal.java
crates/jscomp/src/es6_rewrite_scripts_to_modules.rs	e8631d62a562168d	Apache-2.0	closure:src/com/google/javascript/jscomp/Es6RewriteScriptsToModules.java
crates/jscomp/src/es6_rewrite_spread_expressions.rs	dfe1c65222a35674	Apache-2.0	closure:src/com/google/javascript/jscomp/Es6RewriteSpreadExpressions.java; closure:src/com/google/javascript/jscomp/NodeTraversal.java
crates/jscomp/src/es6_template_literals.rs	484874815ff96386	Apache-2.0	closure:src/com/google/javascript/jscomp/Es6TemplateLiterals.java
crates/jscomp/src/es7_rewrite_exponential_operator.rs	73be6f49aa3f060f	Apache-2.0	closure:src/com/google/javascript/jscomp/Es7RewriteExponentialOperator.java
crates/jscomp/src/exploit_assigns.rs	763d3eeea4edb074	Apache-2.0	closure:src/com/google/javascript/jscomp/ExploitAssigns.java
crates/jscomp/src/export_test_functions.rs	2ffd5ce144193471	Apache-2.0	closure:src/com/google/javascript/jscomp/ExportTestFunctions.java
crates/jscomp/src/expression_decomposer.rs	970c0bf8f2a205d6	Apache-2.0	closure:src/com/google/javascript/jscomp/ExpressionDecomposer.java
crates/jscomp/src/extern_exports_pass.rs	9732d991cfdc1708	Apache-2.0	closure:src/com/google/javascript/jscomp/ExternExportsPass.java
crates/jscomp/src/extra_require_remover.rs	d4f7fa5ac0494ebd	Apache-2.0	closure:src/com/google/javascript/jscomp/ExtraRequireRemover.java
crates/jscomp/src/extract_prototype_member_declarations.rs	970528b481b945be	Apache-2.0	closure:src/com/google/javascript/jscomp/ExtractPrototypeMemberDeclarations.java; closure:src/com/google/javascript/jscomp/NodeTraversal.java
crates/jscomp/src/find_exportable_nodes.rs	050806d4a5f7792d	Apache-2.0	closure:src/com/google/javascript/jscomp/FindExportableNodes.java; closure:src/com/google/javascript/jscomp/NodeTraversal.java
crates/jscomp/src/find_module_dependencies.rs	96d439f56d9f05bb	Apache-2.0	closure:src/com/google/javascript/jscomp/FindModuleDependencies.java; closure:src/com/google/javascript/jscomp/NodeTraversal.java
crates/jscomp/src/flag_usage_exception.rs	1522ce16505190d1	Apache-2.0	closure:src/com/google/javascript/jscomp/FlagUsageException.java
crates/jscomp/src/flow_scope.rs	d891ba64a228a261	Apache-2.0	closure:src/com/google/javascript/jscomp/type/FlowScope.java
crates/jscomp/src/flow_sensitive_inline_variables.rs	641933d8efade125	Apache-2.0	closure:src/com/google/javascript/jscomp/FlowSensitiveInlineVariables.java
crates/jscomp/src/forbid_dynamic_import_usage.rs	f5d1772f344d25ad	Apache-2.0	closure:src/com/google/javascript/jscomp/ForbidDynamicImportUsage.java
crates/jscomp/src/forbidden_change.rs	fc89eb5fe9f2ee11	Apache-2.0	closure:src/com/google/javascript/jscomp/ForbiddenChange.java
crates/jscomp/src/function_argument_injector.rs	7ed56fc18a1c48bb	Apache-2.0	closure:src/com/google/javascript/jscomp/FunctionArgumentInjector.java
crates/jscomp/src/function_injector.rs	d672f3a4df364714	Apache-2.0	closure:src/com/google/javascript/jscomp/FunctionInjector.java
crates/jscomp/src/function_rewriter.rs	c35b567641adc6e3	Apache-2.0	closure:src/com/google/javascript/jscomp/FunctionRewriter.java
crates/jscomp/src/function_to_block_mutator.rs	1bce027f01d72a00	Apache-2.0	closure:src/com/google/javascript/jscomp/FunctionToBlockMutator.java
crates/jscomp/src/function_type_builder.rs	f969c21cb847f658	Apache-2.0	closure:src/com/google/javascript/jscomp/FunctionTypeBuilder.java
crates/jscomp/src/gather_extern_properties.rs	6c9d8a3b362156af	Apache-2.0	closure:src/com/google/javascript/jscomp/GatherExternProperties.java
crates/jscomp/src/gather_getter_and_setter_properties.rs	4bf4844986747a8d	Apache-2.0	closure:src/com/google/javascript/jscomp/GatherGetterAndSetterProperties.java; closure:src/com/google/javascript/jscomp/NodeTraversal.java
crates/jscomp/src/gather_module_metadata.rs	482c60953d9d64af	Apache-2.0	closure:src/com/google/javascript/jscomp/GatherModuleMetadata.java
crates/jscomp/src/gather_raw_exports.rs	aa460085d24a929a	Apache-2.0	closure:src/com/google/javascript/jscomp/GatherRawExports.java; closure:src/com/google/javascript/jscomp/NodeTraversal.java
crates/jscomp/src/generate_exports.rs	b50ade14e68cd246	Apache-2.0	closure:src/com/google/javascript/jscomp/GenerateExports.java
crates/jscomp/src/global_namespace.rs	6638813dceb6ed3f	Apache-2.0	closure:src/com/google/javascript/jscomp/GlobalNamespace.java; closure:src/com/google/javascript/jscomp/NodeTraversal.java
crates/jscomp/src/google_coding_convention.rs	2f9864dfd78c2b45	Apache-2.0	closure:src/com/google/javascript/jscomp/GoogleCodingConvention.java
crates/jscomp/src/google_js_message_id_generator.rs	19e989e962bee920	Apache-2.0	closure:src/com/google/javascript/jscomp/GoogleJsMessageIdGenerator.java
crates/jscomp/src/graph/adjacency_graph.rs	8531a1652c69223f	Apache-2.0	closure:src/com/google/javascript/jscomp/graph/Graph.java; closure:src/com/google/javascript/jscomp/graph/DiGraph.java; closure:src/com/google/javascript/jscomp/graph/AdjacencyGraph.java
crates/jscomp/src/graph/annotatable.rs	7691873bf5923c07	Apache-2.0	closure:src/com/google/javascript/jscomp/graph/Annotatable.java
crates/jscomp/src/graph/annotation.rs	b0df4b2259bf7d4f	Apache-2.0	closure:src/com/google/javascript/jscomp/graph/Annotation.java
crates/jscomp/src/graph/check_paths_between_nodes.rs	ce2d99bd5f62851a	Apache-2.0	closure:src/com/google/javascript/jscomp/graph/CheckPathsBetweenNodes.java
crates/jscomp/src/graph/di_graph.rs	cd1036e1aae48f41	Apache-2.0	closure:src/com/google/javascript/jscomp/graph/LinkedDirectedGraph.java; closure:src/com/google/javascript/jscomp/graph/Annotatable.java; closure:src/com/google/javascript/jscomp/graph/DiGraph.java; closure:src/com/google/javascript/jscomp/graph/Graph.java
crates/jscomp/src/graph/dominator_tree.rs	d95fdd8ca990dd87	Apache-2.0	closure:src/com/google/javascript/jscomp/graph/DominatorTree.java
crates/jscomp/src/graph/fixed_point_graph_traversal.rs	4a43f4594605e175	Apache-2.0	closure:src/com/google/javascript/jscomp/graph/FixedPointGraphTraversal.java
crates/jscomp/src/graph/graph.rs	be73c091ff43241c	Apache-2.0	closure:src/com/google/javascript/jscomp/graph/Graph.java; closure:src/com/google/javascript/jscomp/graph/DiGraph.java; closure:src/com/google/javascript/jscomp/graph/LinkedDirectedGraph.java
crates/jscomp/src/graph/graph_coloring.rs	bcd99c44148abfcc	Apache-2.0	closure:src/com/google/javascript/jscomp/graph/GraphColoring.java
crates/jscomp/src/graph/graph_node.rs	592fecbdb41d4d3c	Apache-2.0	closure:src/com/google/javascript/jscomp/graph/GraphNode.java
crates/jscomp/src/graph/graph_reachability.rs	3bbb84b3ab6c3c5d	Apache-2.0	closure:src/com/google/javascript/jscomp/graph/GraphReachability.java
crates/jscomp/src/graph/graphviz_graph.rs	5fe148da046c9603	Apache-2.0	closure:src/com/google/javascript/jscomp/graph/GraphvizGraph.java
crates/jscomp/src/graph/lattice_element.rs	95ba10d0da2f2a39	Apache-2.0	closure:src/com/google/javascript/jscomp/graph/LatticeElement.java
crates/jscomp/src/graph/linked_directed_graph.rs	be73c091ff43241c	Apache-2.0	closure:src/com/google/javascript/jscomp/graph/LinkedDirectedGraph.java; closure:src/com/google/javascript/jscomp/graph/Graph.java; closure:src/com/google/javascript/jscomp/graph/DiGraph.java
crates/jscomp/src/graph/linked_undirected_graph.rs	2a14801974414b22	Apache-2.0	closure:src/com/google/javascript/jscomp/graph/LinkedUndirectedGraph.java; closure:src/com/google/javascript/jscomp/graph/Graph.java
crates/jscomp/src/graph/lowest_common_ancestor_finder.rs	368a4d7bbd65708f	Apache-2.0	closure:src/com/google/javascript/jscomp/graph/LowestCommonAncestorFinder.java
crates/jscomp/src/graph/mod.rs	322fc2ba37b98b96	Apache-2.0	-
crates/jscomp/src/graph/standard_union_find.rs	93e029fac7a4dbb8	Apache-2.0	closure:src/com/google/javascript/jscomp/graph/StandardUnionFind.java
crates/jscomp/src/graph/sub_graph.rs	4f492f9d3d0c77dd	Apache-2.0	closure:src/com/google/javascript/jscomp/graph/SubGraph.java
crates/jscomp/src/graph/undi_graph.rs	2e3bb674215a44d1	Apache-2.0	closure:src/com/google/javascript/jscomp/graph/LinkedUndirectedGraph.java; closure:src/com/google/javascript/jscomp/graph/Annotatable.java; closure:src/com/google/javascript/jscomp/graph/UndiGraph.java; closure:src/com/google/javascript/jscomp/graph/Graph.java
crates/jscomp/src/graph/union_find.rs	8672b264fa0a823a	Apache-2.0	closure:src/com/google/javascript/jscomp/graph/UnionFind.java
crates/jscomp/src/guarded_callback.rs	9719365d2fc5d1a6	Apache-2.0	closure:src/com/google/javascript/jscomp/GuardedCallback.java
crates/jscomp/src/guava_ascii.rs	256d1efcf0332f1d	Apache-2.0	guava:com/google/common/base/Ascii.java
crates/jscomp/src/icu_template_definition.rs	d8d0a13604eff251	Apache-2.0	closure:src/com/google/javascript/jscomp/IcuTemplateDefinition.java
crates/jscomp/src/id_generator.rs	7eb1f82bc643cafa	Apache-2.0	closure:src/com/google/javascript/jscomp/IdGenerator.java
crates/jscomp/src/id_mapping_util.rs	fc5de90b03d0a353	Apache-2.0	closure:src/com/google/javascript/jscomp/IdMappingUtil.java
crates/jscomp/src/ijs/class_util.rs	4b84e69a41b22195	Apache-2.0	closure:src/com/google/javascript/jscomp/ijs/ClassUtil.java
crates/jscomp/src/ijs/convert_to_typed_interface.rs	11b4ee35d155a548	Apache-2.0	closure:src/com/google/javascript/jscomp/ijs/ConvertToTypedInterface.java; closure:src/com/google/javascript/jscomp/ijs/ProcessConstJsdocCallback.java; closure:src/com/google/javascript/jscomp/NodeTraversal.java
crates/jscomp/src/ijs/file_info.rs	b1e569f8b8b0fff9	Apache-2.0	closure:src/com/google/javascript/jscomp/ijs/FileInfo.java
crates/jscomp/src/ijs/ijs_errors.rs	541efa9a7a934e09	Apache-2.0	closure:src/com/google/javascript/jscomp/ijs/IjsErrors.java
crates/jscomp/src/ijs/jsdoc_util.rs	b9d1a55637767593	Apache-2.0	closure:src/com/google/javascript/jscomp/ijs/JsdocUtil.java
crates/jscomp/src/ijs/potential_declaration.rs	c2a42eb208a37110	Apache-2.0	closure:src/com/google/javascript/jscomp/ijs/PotentialDeclaration.java
crates/jscomp/src/ijs/process_const_jsdoc_callback.rs	ada733cea106f0e9	Apache-2.0	closure:src/com/google/javascript/jscomp/ijs/ProcessConstJsdocCallback.java
crates/jscomp/src/implicit_nullability_check.rs	a4d9831f45819a64	Apache-2.0	closure:src/com/google/javascript/jscomp/ImplicitNullabilityCheck.java; closure:src/com/google/javascript/jscomp/NodeUtil.java; closure:src/com/google/javascript/jscomp/NodeTraversal.java
crates/jscomp/src/index_provider.rs	5f6022ecb30c4248	Apache-2.0	closure:src/com/google/javascript/jscomp/IndexProvider.java
crates/jscomp/src/infer_consts.rs	4b812f2a8cf91ac8	Apache-2.0	closure:src/com/google/javascript/jscomp/InferConsts.java
crates/jscomp/src/infer_js_doc_info.rs	f5b5c5d1105d9eb4	Apache-2.0	closure:src/com/google/javascript/jscomp/InferJSDocInfo.java; closure:src/com/google/javascript/jscomp/NodeTraversal.java
crates/jscomp/src/inject_closure_unaware_runtime_libraries.rs	6bd4c2f973cc1f19	Apache-2.0	closure:src/com/google/javascript/jscomp/InjectClosureUnawareRuntimeLibraries.java
crates/jscomp/src/inject_runtime_libraries.rs	ecea61a41595b531	Apache-2.0	closure:src/com/google/javascript/jscomp/InjectRuntimeLibraries.java
crates/jscomp/src/inject_transpilation_runtime_libraries.rs	89ebc9e3968c3763	Apache-2.0	closure:src/com/google/javascript/jscomp/InjectTranspilationRuntimeLibraries.java
crates/jscomp/src/inline_and_collapse_properties.rs	ae6a6f580d8cc895	Apache-2.0	closure:src/com/google/javascript/jscomp/InlineAndCollapseProperties.java
crates/jscomp/src/inline_cost_estimator.rs	c1ce3e4930c5d0f0	Apache-2.0	closure:src/com/google/javascript/jscomp/InlineCostEstimator.java
crates/jscomp/src/inline_functions.rs	07db5afdffd3be9f	Apache-2.0	closure:src/com/google/javascript/jscomp/InlineFunctions.java
crates/jscomp/src/inline_object_literals.rs	9f2e8b966035ddba	Apache-2.0	closure:src/com/google/javascript/jscomp/InlineObjectLiterals.java
crates/jscomp/src/inline_properties.rs	9eec1e36f656b595	Apache-2.0	closure:src/com/google/javascript/jscomp/InlineProperties.java; closure:src/com/google/javascript/jscomp/NodeTraversal.java
crates/jscomp/src/inline_simple_methods.rs	8aeed66d02e186ca	Apache-2.0	closure:src/com/google/javascript/jscomp/InlineSimpleMethods.java; closure:src/com/google/javascript/jscomp/NodeTraversal.java
crates/jscomp/src/inline_variables.rs	ffb4d2f5f199141c	Apache-2.0	closure:src/com/google/javascript/jscomp/InlineVariables.java
crates/jscomp/src/instrument_async_context.rs	fe778725f09deed6	Apache-2.0	closure:src/com/google/javascript/jscomp/InstrumentAsyncContext.java
crates/jscomp/src/invalidating_types.rs	07a217bc2fbd52bf	Apache-2.0	closure:src/com/google/javascript/jscomp/InvalidatingTypes.java
crates/jscomp/src/invocation_template_type_matcher.rs	556e7700b692c22f	Apache-2.0	closure:src/com/google/javascript/jscomp/InvocationTemplateTypeMatcher.java
crates/jscomp/src/invocations_callback.rs	33f0aac14dd9ff69	Apache-2.0	closure:src/com/google/javascript/jscomp/InvocationsCallback.java
crates/jscomp/src/isolate_polyfills.rs	c178ed89bf3d7f84	Apache-2.0	closure:src/com/google/javascript/jscomp/IsolatePolyfills.java
crates/jscomp/src/j2cl_checks_pass.rs	4f0a90bd61d0a0b6	Apache-2.0	closure:src/com/google/javascript/jscomp/J2clChecksPass.java; closure:src/com/google/javascript/jscomp/NodeTraversal.java
crates/jscomp/src/j2cl_equality_same_rewriter_pass.rs	9c0e267ca65724c6	Apache-2.0	closure:src/com/google/javascript/jscomp/J2clEqualitySameRewriterPass.java
crates/jscomp/src/j2cl_source_file_checker.rs	79f6a691c8ec2a53	Apache-2.0	closure:src/com/google/javascript/jscomp/J2clSourceFileChecker.java
crates/jscomp/src/j2cl_source_utils.rs	dfa92ec7e0ed7984	Apache-2.0	closure:src/com/google/javascript/jscomp/J2clSourceUtils.java
crates/jscomp/src/j2cl_string_value_of_rewriter_pass.rs	36bd37c2c56e4601	Apache-2.0	closure:src/com/google/javascript/jscomp/J2clStringValueOfRewriterPass.java
crates/jscomp/src/j2cl_suppress_warnings_guard.rs	89ecfb526e483be8	Apache-2.0	closure:src/com/google/javascript/jscomp/J2clSuppressWarningsGuard.java
crates/jscomp/src/j2cl_undefined_checks_rewriter_pass.rs	2ed8a33284c1a790	Apache-2.0	closure:src/com/google/javascript/jscomp/J2clUndefinedChecksRewriterPass.java
crates/jscomp/src/js/mod.rs	322fc2ba37b98b96	Apache-2.0	-
crates/jscomp/src/js/runtime_js_lib_manager.rs	e88e864645acc87e	Apache-2.0	closure:src/com/google/javascript/jscomp/js/RuntimeJsLibManager.java
crates/jscomp/src/js_chunk.rs	2a86ef0fa01eb384	Apache-2.0	closure:src/com/google/javascript/jscomp/JSChunk.java
crates/jscomp/src/js_chunk_graph.rs	af9518a591b8cf50	Apache-2.0	closure:src/com/google/javascript/jscomp/JSChunkGraph.java
crates/jscomp/src/js_comp_zip_file_cache.rs	a8ae14cc7f979920	Apache-2.0	closure:src/com/google/javascript/jscomp/JSCompZipFileCache.java
crates/jscomp/src/js_doc_info_printer.rs	fd6540289c0387f6	Apache-2.0	closure:src/com/google/javascript/jscomp/JSDocInfoPrinter.java
crates/jscomp/src/js_error.rs	0a9251867be4bd0c	Apache-2.0	closure:src/com/google/javascript/jscomp/JSError.java
crates/jscomp/src/js_iterables.rs	455b242ed66b5aa5	Apache-2.0	closure:src/com/google/javascript/jscomp/JsIterables.java
crates/jscomp/src/js_message.rs	efd5719ff85286e9	Apache-2.0	closure:src/com/google/javascript/jscomp/JsMessage.java; guava:com/google/common/base/CaseFormat.java; guava:com/google/common/base/Ascii.java
crates/jscomp/src/js_message_definition.rs	51185127e0ef0244	Apache-2.0	closure:src/com/google/javascript/jscomp/JsMessageDefinition.java
crates/jscomp/src/js_message_visitor.rs	98a3a6ff63996f41	Apache-2.0	closure:src/com/google/javascript/jscomp/JsMessageVisitor.java; closure:src/com/google/javascript/jscomp/NodeTraversal.java
crates/jscomp/src/json_error_report_generator.rs	0d4c61fab8bb1386	Apache-2.0	closure:src/com/google/javascript/jscomp/JsonErrorReportGenerator.java
crates/jscomp/src/jvm_metrics.rs	1feb6ae817fb739c	Apache-2.0	closure:src/com/google/javascript/jscomp/JvmMetrics.java
crates/jscomp/src/late_es6_to_es3_converter.rs	69c9f79f01667148	Apache-2.0	closure:src/com/google/javascript/jscomp/LateEs6ToEs3Converter.java
crates/jscomp/src/lazy_parsed_dependency_info.rs	b2dc3d2912c6edc3	Apache-2.0	closure:src/com/google/javascript/jscomp/LazyParsedDependencyInfo.java
crates/jscomp/src/lib.rs	322fc2ba37b98b96	Apache-2.0	-
crates/jscomp/src/lightweight_message_formatter.rs	55b089340b2a405c	Apache-2.0	closure:src/com/google/javascript/jscomp/LightweightMessageFormatter.java; closure:src/com/google/javascript/jscomp/AbstractMessageFormatter.java
crates/jscomp/src/linked_flow_scope.rs	ece54d13cb4c47a2	Apache-2.0	closure:src/com/google/javascript/jscomp/LinkedFlowScope.java
crates/jscomp/src/lint/check_array_with_goog_object.rs	b7872b18e6b939e9	Apache-2.0	closure:src/com/google/javascript/jscomp/lint/CheckArrayWithGoogObject.java; closure:src/com/google/javascript/jscomp/NodeTraversal.java
crates/jscomp/src/lint/check_const_private_properties.rs	07763491bab2e4ff	Apache-2.0	closure:src/com/google/javascript/jscomp/lint/CheckConstPrivateProperties.java; closure:src/com/google/javascript/jscomp/NodeTraversal.java
crates/jscomp/src/lint/check_constant_case_names.rs	01504f78fbfba6e8	Apache-2.0	closure:src/com/google/javascript/jscomp/lint/CheckConstantCaseNames.java
crates/jscomp/src/lint/check_duplicate_case.rs	aacb01423cab1ff4	Apache-2.0	closure:src/com/google/javascript/jscomp/lint/CheckDuplicateCase.java; closure:src/com/google/javascript/jscomp/NodeTraversal.java
crates/jscomp/src/lint/check_empty_statements.rs	eb3e2526f3f653a9	Apache-2.0	closure:src/com/google/javascript/jscomp/lint/CheckEmptyStatements.java; closure:src/com/google/javascript/jscomp/NodeTraversal.java
crates/jscomp/src/lint/check_enums.rs	0bb7ddae62168a20	Apache-2.0	closure:src/com/google/javascript/jscomp/lint/CheckEnums.java; closure:src/com/google/javascript/jscomp/NodeTraversal.java
crates/jscomp/src/lint/check_es6_module_file_structure.rs	b00255616efdcb46	Apache-2.0	closure:src/com/google/javascript/jscomp/lint/CheckEs6ModuleFileStructure.java; closure:src/com/google/javascript/jscomp/NodeTraversal.java
crates/jscomp/src/lint/check_es6_modules.rs	204615de754c44e2	Apache-2.0	closure:src/com/google/javascript/jscomp/lint/CheckEs6Modules.java
crates/jscomp/src/lint/check_extra_requires.rs	a1976d6d0ecd26da	Apache-2.0	closure:src/com/google/javascript/jscomp/lint/CheckExtraRequires.java; closure:src/com/google/javascript/jscomp/NodeTraversal.java
crates/jscomp/src/lint/check_goog_module_type_script_name.rs	6ea928259d154ccb	Apache-2.0	closure:src/com/google/javascript/jscomp/lint/CheckGoogModuleTypeScriptName.java
crates/jscomp/src/lint/check_interfaces.rs	3baabb8365e1479c	Apache-2.0	closure:src/com/google/javascript/jscomp/lint/CheckInterfaces.java; closure:src/com/google/javascript/jscomp/NodeTraversal.java
crates/jscomp/src/lint/check_jsdoc_style.rs	833aa557a95eb756	Apache-2.0	closure:src/com/google/javascript/jscomp/lint/CheckJSDocStyle.java; closure:src/com/google/javascript/jscomp/NodeTraversal.java
crates/jscomp/src/lint/check_missing_semicolon.rs	b57981754d4bf478	Apache-2.0	closure:src/com/google/javascript/jscomp/lint/CheckMissingSemicolon.java; closure:src/com/google/javascript/jscomp/NodeTraversal.java
crates/jscomp/src/lint/check_nested_names.rs	8de5dfc11c8b2654	Apache-2.0	closure:src/com/google/javascript/jscomp/lint/CheckNestedNames.java
crates/jscomp/src/lint/check_no_mutated_es6_exports.rs	2ea3e0d94748879a	Apache-2.0	closure:src/com/google/javascript/jscomp/lint/CheckNoMutatedEs6Exports.java; guava:com/google/common/collect/HashMultimap.java
crates/jscomp/src/lint/check_no_mutated_es6_exports_jdk.rs	4c8a7f4dc1f45a87	GPL-2.0-only WITH Classpath-exception-2.0	jdk:java.base/java/util/HashMap.java
crates/jscomp/src/lint/check_nullability_modifiers.rs	899c6204c8cededf	Apache-2.0	closure:src/com/google/javascript/jscomp/lint/CheckNullabilityModifiers.java; closure:src/com/google/javascript/jscomp/NodeTraversal.java
crates/jscomp/src/lint/check_primitive_as_object.rs	46fd2c0499b626e1	Apache-2.0	closure:src/com/google/javascript/jscomp/lint/CheckPrimitiveAsObject.java; closure:src/com/google/javascript/jscomp/NodeTraversal.java
crates/jscomp/src/lint/check_prototype_properties.rs	33e094434d115570	Apache-2.0	closure:src/com/google/javascript/jscomp/lint/CheckPrototypeProperties.java
crates/jscomp/src/lint/check_provides_sorted.rs	c68f80672803c73b	Apache-2.0	closure:src/com/google/javascript/jscomp/lint/CheckProvidesSorted.java
crates/jscomp/src/lint/check_requires_sorted.rs	2d808f95192459fa	Apache-2.0	closure:src/com/google/javascript/jscomp/lint/CheckRequiresSorted.java
crates/jscomp/src/lint/check_unused_labels.rs	5b5771d137652e12	Apache-2.0	closure:src/com/google/javascript/jscomp/lint/CheckUnusedLabels.java
crates/jscomp/src/lint/check_unused_private_properties.rs	5eff283c20f6fc27	Apache-2.0	closure:src/com/google/javascript/jscomp/lint/CheckUnusedPrivateProperties.java
crates/jscomp/src/lint/check_useless_blocks.rs	af2de2c8ec491dad	Apache-2.0	closure:src/com/google/javascript/jscomp/lint/CheckUselessBlocks.java
crates/jscomp/src/lint/check_var.rs	23f58c178bd27db3	Apache-2.0	closure:src/com/google/javascript/jscomp/lint/CheckVar.java; closure:src/com/google/javascript/jscomp/NodeTraversal.java
crates/jscomp/src/live_variables_analysis.rs	771b017fbce9294d	Apache-2.0	closure:src/com/google/javascript/jscomp/LiveVariablesAnalysis.java
crates/jscomp/src/locale_data_passes.rs	4d7aef999f59adc2	Apache-2.0	closure:src/com/google/javascript/jscomp/LocaleDataPasses.java
crates/jscomp/src/logger_error_manager.rs	9e5337a485157857	Apache-2.0	closure:src/com/google/javascript/jscomp/LoggerErrorManager.java
crates/jscomp/src/make_declared_names_unique.rs	0bd9797a5fc3b17c	Apache-2.0	closure:src/com/google/javascript/jscomp/MakeDeclaredNamesUnique.java; closure:src/com/google/javascript/jscomp/NodeTraversal.java
crates/jscomp/src/manage_closure_unaware_code.rs	55769d3d9ab88064	Apache-2.0	closure:src/com/google/javascript/jscomp/ManageClosureUnawareCode.java
crates/jscomp/src/maybe_reaching_variable_use.rs	d272b13a3b364833	Apache-2.0	closure:src/com/google/javascript/jscomp/MaybeReachingVariableUse.java
crates/jscomp/src/memoized_scope_creator.rs	b8ac34dba42215bb	Apache-2.0	closure:src/com/google/javascript/jscomp/MemoizedScopeCreator.java
crates/jscomp/src/message_bundle.rs	17f6d3d9d170decf	Apache-2.0	closure:src/com/google/javascript/jscomp/MessageBundle.java
crates/jscomp/src/message_formatter.rs	be4f3c245f287fe9	Apache-2.0	closure:src/com/google/javascript/jscomp/MessageFormatter.java
crates/jscomp/src/minimize_exit_points.rs	1955a31afadf0197	Apache-2.0	closure:src/com/google/javascript/jscomp/MinimizeExitPoints.java
crates/jscomp/src/minimized_condition.rs	d7ce9c160f610de8	Apache-2.0	closure:src/com/google/javascript/jscomp/MinimizedCondition.java
crates/jscomp/src/module_identifier.rs	9346eed6bc660caa	Apache-2.0	closure:src/com/google/javascript/jscomp/ModuleIdentifier.java
crates/jscomp/src/module_import_resolver.rs	d825ac98bb24f4af	Apache-2.0	closure:src/com/google/javascript/jscomp/ModuleImportResolver.java
crates/jscomp/src/module_renaming.rs	871fa4aa92d66db3	Apache-2.0	closure:src/com/google/javascript/jscomp/ModuleRenaming.java
crates/jscomp/src/modules/binding.rs	7cef96e578cde9f1	Apache-2.0	closure:src/com/google/javascript/jscomp/modules/Binding.java
crates/jscomp/src/modules/closure_module_processor.rs	20e5df5a29337667	Apache-2.0	closure:src/com/google/javascript/jscomp/modules/ClosureModuleProcessor.java; closure:src/com/google/javascript/jscomp/NodeTraversal.java
crates/jscomp/src/modules/closure_require_processor.rs	218167694f3f6cc8	Apache-2.0	closure:src/com/google/javascript/jscomp/modules/ClosureRequireProcessor.java
crates/jscomp/src/modules/es_module_processor.rs	aa9d5366ddba8179	Apache-2.0	closure:src/com/google/javascript/jscomp/modules/EsModuleProcessor.java; closure:src/com/google/javascript/jscomp/NodeTraversal.java
crates/jscomp/src/modules/export.rs	431c0a877c3ec5ec	Apache-2.0	closure:src/com/google/javascript/jscomp/modules/Export.java
crates/jscomp/src/modules/export_trace.rs	bc8d686655940349	Apache-2.0	closure:src/com/google/javascript/jscomp/modules/ExportTrace.java
crates/jscomp/src/modules/goog_es_imports.rs	901302e557f7b3a3	Apache-2.0	closure:src/com/google/javascript/jscomp/modules/GoogEsImports.java
crates/jscomp/src/modules/import.rs	4b0aaae3ec60762d	Apache-2.0	closure:src/com/google/javascript/jscomp/modules/Import.java
crates/jscomp/src/modules/mod.rs	322fc2ba37b98b96	Apache-2.0	-
crates/jscomp/src/modules/module.rs	880836b08e2d8cbc	Apache-2.0	closure:src/com/google/javascript/jscomp/modules/Module.java
crates/jscomp/src/modules/module_map.rs	f0a56c47dd78ada7	Apache-2.0	closure:src/com/google/javascript/jscomp/modules/ModuleMap.java
crates/jscomp/src/modules/module_map_creator.rs	3bd0aefe5bb3f295	Apache-2.0	closure:src/com/google/javascript/jscomp/modules/ModuleMapCreator.java; closure:src/com/google/javascript/jscomp/modules/UnresolvedModule.java
crates/jscomp/src/modules/module_metadata_map.rs	5e74fb72c36fab4b	Apache-2.0	closure:src/com/google/javascript/jscomp/modules/ModuleMetadataMap.java
crates/jscomp/src/modules/module_request_resolver.rs	49979e9493b33292	Apache-2.0	closure:src/com/google/javascript/jscomp/modules/ModuleRequestResolver.java
crates/jscomp/src/modules/non_es_module_processor.rs	03d74477a0cd518e	Apache-2.0	closure:src/com/google/javascript/jscomp/modules/NonEsModuleProcessor.java
crates/jscomp/src/modules/resolve_export_result.rs	5d1fbd53d66a1581	Apache-2.0	closure:src/com/google/javascript/jscomp/modules/ResolveExportResult.java
crates/jscomp/src/modules/unresolved_module.rs	cec73d022ea94e66	Apache-2.0	closure:src/com/google/javascript/jscomp/modules/UnresolvedModule.java
crates/jscomp/src/must_be_reaching_variable_def.rs	9ad74aecefc420ea	Apache-2.0	closure:src/com/google/javascript/jscomp/MustBeReachingVariableDef.java
crates/jscomp/src/name_generator.rs	854ae31f535c43a9	Apache-2.0	closure:src/com/google/javascript/jscomp/NameGenerator.java
crates/jscomp/src/nested_compiler_runner.rs	9ed9fbf27972679e	Apache-2.0	closure:src/com/google/javascript/jscomp/NestedCompilerRunner.java
crates/jscomp/src/node_iterators.rs	038f24d2fa6b92f8	Apache-2.0	closure:src/com/google/javascript/jscomp/NodeIterators.java
crates/jscomp/src/node_printing.rs	8ed75a7a24aafcd2	(MPL-1.1 OR GPL-2.0-or-later)	closure:src/com/google/javascript/rhino/jstype/JSType.java; closure:src/com/google/javascript/rhino/Node.java
crates/jscomp/src/node_traversal.rs	44ebd6eb41ce5501	Apache-2.0	closure:src/com/google/javascript/jscomp/NodeTraversal.java; closure:test/com/google/javascript/jscomp/NodeTraversalTest.java
crates/jscomp/src/node_util.rs	5adfe459c4483d69	Apache-2.0	closure:src/com/google/javascript/jscomp/NodeUtil.java
crates/jscomp/src/normalize.rs	736ff207898beda6	Apache-2.0	closure:src/com/google/javascript/jscomp/Normalize.java
crates/jscomp/src/optimize_calls.rs	d9873baa6913e763	Apache-2.0	closure:src/com/google/javascript/jscomp/OptimizeCalls.java
crates/jscomp/src/optimize_constructors.rs	d67b17b3513d3400	Apache-2.0	closure:src/com/google/javascript/jscomp/OptimizeConstructors.java
crates/jscomp/src/optimize_let_and_const_peephole.rs	c3d0b651cbf2a234	Apache-2.0	closure:src/com/google/javascript/jscomp/OptimizeLetAndConstPeephole.java
crates/jscomp/src/optimize_parameters.rs	48a2de7f8cc2bb47	Apache-2.0	closure:src/com/google/javascript/jscomp/OptimizeParameters.java
crates/jscomp/src/optimize_returns.rs	934449d9990f1248	Apache-2.0	closure:src/com/google/javascript/jscomp/OptimizeReturns.java
crates/jscomp/src/optional_chain_rewriter.rs	0210f99c7f409462	Apache-2.0	closure:src/com/google/javascript/jscomp/OptionalChainRewriter.java
crates/jscomp/src/output_charset_encoder.rs	6b43002a8a4b3b27	Apache-2.0	closure:src/com/google/javascript/jscomp/OutputCharsetEncoder.java
crates/jscomp/src/parallel_parse.rs	30ae0e56d2be2b9f	Apache-2.0	closure:src/com/google/javascript/jscomp/CompilerInput.java
crates/jscomp/src/pass_config.rs	4f5b497d9fb6cca9	Apache-2.0	closure:src/com/google/javascript/jscomp/PassConfig.java
crates/jscomp/src/pass_factory.rs	b9107cf2570a22fd	Apache-2.0	closure:src/com/google/javascript/jscomp/PassFactory.java
crates/jscomp/src/pass_list_builder.rs	04512853e91f90de	Apache-2.0	closure:src/com/google/javascript/jscomp/PassListBuilder.java
crates/jscomp/src/pass_names.rs	847fcc2a952818dd	Apache-2.0	closure:src/com/google/javascript/jscomp/PassNames.java
crates/jscomp/src/peephole_collect_property_assignments.rs	b264f93b43f1d39a	Apache-2.0	closure:src/com/google/javascript/jscomp/PeepholeCollectPropertyAssignments.java
crates/jscomp/src/peephole_fold_constants.rs	0c248c83d4fc5863	Apache-2.0	closure:src/com/google/javascript/jscomp/PeepholeFoldConstants.java
crates/jscomp/src/peephole_minimize_conditions.rs	9272336d32e9dd1d	Apache-2.0	closure:src/com/google/javascript/jscomp/PeepholeMinimizeConditions.java
crates/jscomp/src/peephole_optimizations_pass.rs	03181697f97a21bf	Apache-2.0	closure:src/com/google/javascript/jscomp/PeepholeOptimizationsPass.java; closure:src/com/google/javascript/jscomp/NodeTraversal.java
crates/jscomp/src/peephole_remove_dead_code.rs	6d2b732cd3e3d0b0	Apache-2.0	closure:src/com/google/javascript/jscomp/PeepholeRemoveDeadCode.java
crates/jscomp/src/peephole_replace_known_methods.rs	722dee9ddd6f3d01	Apache-2.0	closure:src/com/google/javascript/jscomp/PeepholeReplaceKnownMethods.java
crates/jscomp/src/peephole_substitute_alternate_syntax.rs	ad3bf0e3ba775863	Apache-2.0	closure:src/com/google/javascript/jscomp/PeepholeSubstituteAlternateSyntax.java
crates/jscomp/src/peephole_transpilations_pass.rs	b8163552692e0d99	Apache-2.0	closure:src/com/google/javascript/jscomp/PeepholeTranspilationsPass.java
crates/jscomp/src/performance_tracker.rs	84d14e53cbd59435	Apache-2.0	closure:src/com/google/javascript/jscomp/PerformanceTracker.java
crates/jscomp/src/performance_tracker_code_size_estimator.rs	d2ac0f2dfe4fe8a2	Apache-2.0	closure:src/com/google/javascript/jscomp/PerformanceTrackerCodeSizeEstimator.java
crates/jscomp/src/phase_optimizer.rs	6aacaccf3c2838c9	Apache-2.0	closure:src/com/google/javascript/jscomp/PhaseOptimizer.java
crates/jscomp/src/platform.rs	f2ec698c25168626	Apache-2.0	closure:src/com/google/javascript/jscomp/Platform.java
crates/jscomp/src/polyfill_usage_finder.rs	f6746856d053ae80	Apache-2.0	closure:src/com/google/javascript/jscomp/PolyfillUsageFinder.java
crates/jscomp/src/polymer_pass_errors.rs	e9c5de644e639569	Apache-2.0	closure:src/com/google/javascript/jscomp/PolymerPassErrors.java
crates/jscomp/src/prebuild_ast.rs	e9d27178e788a913	Apache-2.0	closure:src/com/google/javascript/jscomp/PrebuildAst.java
crates/jscomp/src/prebuild_dependency_info.rs	41dc286a72acf39e	Apache-2.0	closure:src/com/google/javascript/jscomp/PrebuildDependencyInfo.java
crates/jscomp/src/preprocessor_symbol_table.rs	06e9c257eda66443	Apache-2.0	closure:src/com/google/javascript/jscomp/PreprocessorSymbolTable.java
crates/jscomp/src/print_stream_error_manager.rs	48d08f96be3a6ac9	Apache-2.0	closure:src/com/google/javascript/jscomp/PrintStreamErrorManager.java
crates/jscomp/src/print_stream_error_report_generator.rs	20a11844523df361	Apache-2.0	closure:src/com/google/javascript/jscomp/PrintStreamErrorReportGenerator.java
crates/jscomp/src/process_closure_primitives.rs	d3f0fee5e64379be	Apache-2.0	closure:src/com/google/javascript/jscomp/ProcessClosurePrimitives.java; closure:src/com/google/javascript/jscomp/CssRenamingMap.java; closure:src/com/google/javascript/jscomp/NodeTraversal.java
crates/jscomp/src/process_closure_provides_and_requires.rs	c2d4507032e06d9b	Apache-2.0	closure:src/com/google/javascript/jscomp/ProcessClosureProvidesAndRequires.java
crates/jscomp/src/process_common_js_modules.rs	ae9841f664bcdbb9	Apache-2.0	closure:src/com/google/javascript/jscomp/ProcessCommonJSModules.java; closure:src/com/google/javascript/jscomp/NodeTraversal.java; closure:src/com/google/javascript/jscomp/NodeUtil.java
crates/jscomp/src/process_defines.rs	84d557a76788380a	Apache-2.0	closure:src/com/google/javascript/jscomp/ProcessDefines.java
crates/jscomp/src/process_tweaks.rs	49e6fd805223671a	Apache-2.0	closure:src/com/google/javascript/jscomp/ProcessTweaks.java; closure:src/com/google/javascript/jscomp/NodeTraversal.java
crates/jscomp/src/promises.rs	a4915e386bc30b7f	Apache-2.0	closure:src/com/google/javascript/jscomp/Promises.java
crates/jscomp/src/property_renaming_policy.rs	d062fc560c9ed2d5	Apache-2.0	closure:src/com/google/javascript/jscomp/PropertyRenamingPolicy.java
crates/jscomp/src/protobuf/mod.rs	322fc2ba37b98b96	Apache-2.0	-
crates/jscomp/src/protobuf/text_format.rs	00c50bf13be5ece2	BSD-3-Clause	protobuf:java/core/src/main/java/com/google/protobuf/Descriptors.java; protobuf:java/core/src/main/java/com/google/protobuf/AbstractMessage.java; protobuf:java/core/src/main/java/com/google/protobuf/TextFormat.java; protobuf:java/core/src/main/java/com/google/protobuf/TextFormatEscaper.java
crates/jscomp/src/protobuf/text_format_jdk.rs	4a091511b63affa1	GPL-2.0-only WITH Classpath-exception-2.0	jdk:java.base/java/lang/Long.java
crates/jscomp/src/pruning_analysis.rs	ead2f2c046fa1758	Apache-2.0	closure:src/com/google/javascript/jscomp/PruningAnalysis.java
crates/jscomp/src/pure_function_identifier.rs	9ae4cb811b81b634	Apache-2.0	closure:src/com/google/javascript/jscomp/PureFunctionIdentifier.java
crates/jscomp/src/recent_change.rs	4a355d13b0ce4ea6	Apache-2.0	closure:src/com/google/javascript/jscomp/RecentChange.java
crates/jscomp/src/reference.rs	08267e7794cbb0ab	Apache-2.0	closure:src/com/google/javascript/jscomp/Reference.java
crates/jscomp/src/reference_collection.rs	2d9ef8263814a663	Apache-2.0	closure:src/com/google/javascript/jscomp/ReferenceCollection.java
crates/jscomp/src/reference_collector.rs	93ca71e2900d020a	Apache-2.0	closure:src/com/google/javascript/jscomp/ReferenceCollector.java
crates/jscomp/src/reference_map.rs	3315e9ba1d690474	Apache-2.0	closure:src/com/google/javascript/jscomp/ReferenceMap.java
crates/jscomp/src/region.rs	3bf148d5904804aa	Apache-2.0	closure:src/com/google/javascript/jscomp/Region.java
crates/jscomp/src/remove_cast_nodes.rs	3e583a1ef0e928ad	Apache-2.0	closure:src/com/google/javascript/jscomp/RemoveCastNodes.java
crates/jscomp/src/remove_property_renaming_calls.rs	cb8dc817ca1b68f1	Apache-2.0	closure:src/com/google/javascript/jscomp/RemovePropertyRenamingCalls.java; closure:src/com/google/javascript/jscomp/NodeTraversal.java
crates/jscomp/src/remove_unnecessary_synthetic_externs.rs	1767c21af7a6f29e	Apache-2.0	closure:src/com/google/javascript/jscomp/RemoveUnnecessarySyntheticExterns.java
crates/jscomp/src/remove_unused_code.rs	8daf0e76bc4870a8	Apache-2.0	closure:src/com/google/javascript/jscomp/RemoveUnusedCode.java; guava:com/google/common/collect/HashMultimap.java; guava:com/google/common/collect/AbstractMapBasedMultimap.java
crates/jscomp/src/remove_unused_code_jdk.rs	4c8a7f4dc1f45a87	GPL-2.0-only WITH Classpath-exception-2.0	jdk:java.base/java/util/HashMap.java
crates/jscomp/src/remove_weak_sources.rs	962ed13d38e38af4	Apache-2.0	closure:src/com/google/javascript/jscomp/RemoveWeakSources.java
crates/jscomp/src/rename_labels.rs	08050d8677256992	Apache-2.0	closure:src/com/google/javascript/jscomp/RenameLabels.java
crates/jscomp/src/rename_properties.rs	483894e823353a2f	Apache-2.0	closure:src/com/google/javascript/jscomp/RenameProperties.java; closure:src/com/google/javascript/jscomp/NodeTraversal.java
crates/jscomp/src/rename_vars.rs	5c5571767372c626	Apache-2.0	closure:src/com/google/javascript/jscomp/RenameVars.java; closure:src/com/google/javascript/jscomp/NodeTraversal.java
crates/jscomp/src/renaming_map.rs	99faa9dc043ad7a3	Apache-2.0	closure:src/com/google/javascript/jscomp/RenamingMap.java
crates/jscomp/src/renaming_token.rs	e65aca7070f1d885	Apache-2.0	closure:src/com/google/javascript/jscomp/RenamingToken.java
crates/jscomp/src/replace_css_names.rs	db3734cbf7935664	Apache-2.0	closure:src/com/google/javascript/jscomp/ReplaceCssNames.java
crates/jscomp/src/replace_id_generators.rs	e314612c1f469fbb	Apache-2.0	closure:src/com/google/javascript/jscomp/ReplaceIdGenerators.java
crates/jscomp/src/replace_messages.rs	abab38f28d9ebe24	Apache-2.0	closure:src/com/google/javascript/jscomp/ReplaceMessages.java; closure:src/com/google/javascript/jscomp/NodeTraversal.java; closure:src/com/google/javascript/jscomp/JsMessageVisitor.java
crates/jscomp/src/replace_messages_constants.rs	ee0980601f3bf8bf	Apache-2.0	closure:src/com/google/javascript/jscomp/ReplaceMessagesConstants.java
crates/jscomp/src/replace_strings.rs	80562fac2bd510af	Apache-2.0	closure:src/com/google/javascript/jscomp/ReplaceStrings.java; closure:src/com/google/javascript/jscomp/NodeTraversal.java
crates/jscomp/src/replace_toggles.rs	ac209e2bf40fc828	Apache-2.0	closure:src/com/google/javascript/jscomp/ReplaceToggles.java
crates/jscomp/src/report_untranspilable_features.rs	28594103d132a2b7	Apache-2.0	closure:src/com/google/javascript/jscomp/ReportUntranspilableFeatures.java
crates/jscomp/src/rescope_global_symbols.rs	71d89128a2dad4cc	Apache-2.0	closure:src/com/google/javascript/jscomp/RescopeGlobalSymbols.java; closure:src/com/google/javascript/jscomp/NodeTraversal.java
crates/jscomp/src/rescope_global_symbols_rewrite_callback.rs	f4efc18af57cad8c	Apache-2.0	closure:src/com/google/javascript/jscomp/RescopeGlobalSymbolsRewriteCallback.java
crates/jscomp/src/result.rs	21b51eb174321ed5	Apache-2.0	closure:src/com/google/javascript/jscomp/Result.java
crates/jscomp/src/reverse_abstract_interpreter.rs	42b056d20e749e4d	Apache-2.0	closure:src/com/google/javascript/jscomp/type/ReverseAbstractInterpreter.java
crates/jscomp/src/rewrite_async_functions.rs	cc121bccb2f179fb	Apache-2.0	closure:src/com/google/javascript/jscomp/RewriteAsyncFunctions.java
crates/jscomp/src/rewrite_async_iteration.rs	bcdb58ed380bba24	Apache-2.0	closure:src/com/google/javascript/jscomp/RewriteAsyncIteration.java
crates/jscomp/src/rewrite_caller_code_location.rs	0be8846414523330	Apache-2.0	closure:src/com/google/javascript/jscomp/RewriteCallerCodeLocation.java; closure:src/com/google/javascript/jscomp/NodeTraversal.java
crates/jscomp/src/rewrite_catch_with_no_binding.rs	37171722fdd8e220	Apache-2.0	closure:src/com/google/javascript/jscomp/RewriteCatchWithNoBinding.java
crates/jscomp/src/rewrite_dynamic_imports.rs	cd82003a8547f2e7	Apache-2.0	closure:src/com/google/javascript/jscomp/RewriteDynamicImports.java; closure:src/com/google/javascript/jscomp/NodeTraversal.java
crates/jscomp/src/rewrite_global_declarations_for_try_catch_wrapping.rs	c6cc50689b64c08f	Apache-2.0	closure:src/com/google/javascript/jscomp/RewriteGlobalDeclarationsForTryCatchWrapping.java
crates/jscomp/src/rewrite_goog_js_imports.rs	5aba42526c1f9a36	Apache-2.0	closure:src/com/google/javascript/jscomp/RewriteGoogJsImports.java
crates/jscomp/src/rewrite_json_to_module.rs	1d3fbc3b7cb1116f	Apache-2.0	closure:src/com/google/javascript/jscomp/RewriteJsonToModule.java; closure:src/com/google/javascript/jscomp/NodeTraversal.java
crates/jscomp/src/rewrite_logical_assignment_operators_helper.rs	21857a0e95fdb405	Apache-2.0	closure:src/com/google/javascript/jscomp/RewriteLogicalAssignmentOperatorsHelper.java
crates/jscomp/src/rewrite_logical_assignment_operators_pass.rs	5cfa520cd0988cc6	Apache-2.0	closure:src/com/google/javascript/jscomp/RewriteLogicalAssignmentOperatorsPass.java
crates/jscomp/src/rewrite_new_dot_target.rs	0f9e585b7237a2f1	Apache-2.0	closure:src/com/google/javascript/jscomp/RewriteNewDotTarget.java
crates/jscomp/src/rewrite_nullish_coalesce_operator.rs	496450cdeb44690a	Apache-2.0	closure:src/com/google/javascript/jscomp/RewriteNullishCoalesceOperator.java
crates/jscomp/src/rewrite_object_spread.rs	651f6d642155ca6f	Apache-2.0	closure:src/com/google/javascript/jscomp/RewriteObjectSpread.java
crates/jscomp/src/rewrite_optional_chaining_operator.rs	1a40e228ac4da1b5	Apache-2.0	closure:src/com/google/javascript/jscomp/RewriteOptionalChainingOperator.java
crates/jscomp/src/rewrite_polyfills.rs	5a7bd9005f114406	Apache-2.0	closure:src/com/google/javascript/jscomp/RewritePolyfills.java
crates/jscomp/src/rhino_error_reporter.rs	094ab8b5e6ed3e82	Apache-2.0	closure:src/com/google/javascript/jscomp/RhinoErrorReporter.java
crates/jscomp/src/scope.rs	bed1e79f6c1847ef	Apache-2.0	closure:src/com/google/javascript/jscomp/Scope.java; closure:src/com/google/javascript/jscomp/AbstractScope.java; closure:src/com/google/javascript/jscomp/AbstractVar.java
crates/jscomp/src/scope_creator.rs	2442be64afb23552	Apache-2.0	closure:src/com/google/javascript/jscomp/ScopeCreator.java
crates/jscomp/src/scoped_aliases.rs	299dec7ac86a5428	Apache-2.0	closure:src/com/google/javascript/jscomp/ScopedAliases.java; closure:src/com/google/javascript/jscomp/NodeTraversal.java
crates/jscomp/src/scoped_name.rs	cbdefc4687368ee0	Apache-2.0	closure:src/com/google/javascript/jscomp/ScopedName.java
crates/jscomp/src/semantic_reverse_abstract_interpreter.rs	dad3f464a90fd398	Apache-2.0	closure:src/com/google/javascript/jscomp/type/SemanticReverseAbstractInterpreter.java
crates/jscomp/src/serialization/color_pool.rs	4561824e77700f93	Apache-2.0	closure:src/com/google/javascript/jscomp/serialization/ColorPool.java
crates/jscomp/src/serialization/color_serializer.rs	f3355a57fad5c625	Apache-2.0	closure:src/com/google/javascript/jscomp/serialization/ColorSerializer.java
crates/jscomp/src/serialization/convert_types_to_colors.rs	92f61e9bee1f3a2a	Apache-2.0	closure:src/com/google/javascript/jscomp/serialization/ConvertTypesToColors.java; closure:src/com/google/javascript/jscomp/NodeTraversal.java
crates/jscomp/src/serialization/fast_gzip_output_stream.rs	d39bf290b42cf596	Apache-2.0	closure:src/com/google/javascript/jscomp/serialization/FastGzipOutputStream.java
crates/jscomp/src/serialization/fast_gzip_output_stream_jdk.rs	aa45ab24668dc94e	GPL-2.0-only WITH Classpath-exception-2.0	jdk:java.base/java/util/zip/GZIPOutputStream.java; jdk:java.base/java/util/zip/Deflater.java; jdk:java.base/java/util/zip/DeflaterOutputStream.java
crates/jscomp/src/serialization/js_type_color_id_hasher.rs	2b4c40379dbb60f1	Apache-2.0	closure:src/com/google/javascript/jscomp/serialization/JSTypeColorIdHasher.java; guava:com/google/common/hash/Hashing.java; guava:com/google/common/hash/AbstractHasher.java; guava:com/google/common/hash/AbstractNonStreamingHashFunction.java; guava:com/google/common/hash/HashCode.java
crates/jscomp/src/serialization/js_type_color_id_hasher_rhino.rs	c2148e6100f7c271	(MPL-1.1 OR GPL-2.0-or-later)	closure:src/com/google/javascript/rhino/jstype/JSType.java
crates/jscomp/src/serialization/js_type_reconserializer.rs	8ab128c3dfd263ba	Apache-2.0	closure:src/com/google/javascript/jscomp/serialization/JSTypeReconserializer.java
crates/jscomp/src/serialization/jsdoc_serializer.rs	22431464ac33eb14	Apache-2.0	closure:src/com/google/javascript/jscomp/serialization/JSDocSerializer.java
crates/jscomp/src/serialization/malformed_typed_ast_exception.rs	259ecd291926bf91	Apache-2.0	closure:src/com/google/javascript/jscomp/serialization/MalformedTypedAstException.java
crates/jscomp/src/serialization/mod.rs	322fc2ba37b98b96	Apache-2.0	-
crates/jscomp/src/serialization/optimization_jsdoc_proto.rs	1c39f4d4bdc8c434	Apache-2.0	closure:src/com/google/javascript/rhino/typed_ast/optimization_jsdoc.proto
crates/jscomp/src/serialization/protobuf.rs	6f55fdc90e8720f7	BSD-3-Clause	protobuf:java/core/src/main/java/com/google/protobuf/WireFormat.java; protobuf:java/core/src/main/java/com/google/protobuf/InvalidProtocolBufferException.java; protobuf:java/core/src/main/java/com/google/protobuf/CodedInputStream.java; protobuf:java/core/src/main/java/com/google/protobuf/CodedOutputStream.java; protobuf:java/core/src/main/java/com/google/protobuf/MessageLite.java; protobuf:java/core/src/main/java/com/google/protobuf/Internal.java; protobuf:java/core/src/main/java/com/google/protobuf/Utf8.java; protobuf:java/core/src/main/java/com/google/protobuf/Descriptors.java
crates/jscomp/src/serialization/script_node_deserializer.rs	a96bb21fef1c6788	Apache-2.0	closure:src/com/google/javascript/jscomp/serialization/ScriptNodeDeserializer.java
crates/jscomp/src/serialization/serialization_options.rs	3b46cb2c14ddd68d	Apache-2.0	closure:src/com/google/javascript/jscomp/serialization/SerializationOptions.java
crates/jscomp/src/serialization/serialize_typed_ast_pass.rs	8f9f85f6888edfe9	Apache-2.0	closure:src/com/google/javascript/jscomp/serialization/SerializeTypedAstPass.java
crates/jscomp/src/serialization/serialize_types_to_pointers.rs	6e6e9db529a13dae	Apache-2.0	closure:src/com/google/javascript/jscomp/serialization/SerializeTypesToPointers.java; gson:com/google/gson/Gson.java
crates/jscomp/src/serialization/source_file_proto.rs	554118b0d8a44fd1	Apache-2.0	closure:src/com/google/javascript/rhino/typed_ast/source_file.proto; closure:src/com/google/javascript/jscomp/GlobalNamespace.java
crates/jscomp/src/serialization/string_pool.rs	573cffabf390110f	Apache-2.0	closure:src/com/google/javascript/jscomp/serialization/StringPool.java
crates/jscomp/src/serialization/type_pointers.rs	4b84559f7bce6eae	Apache-2.0	closure:src/com/google/javascript/jscomp/serialization/TypePointers.java
crates/jscomp/src/serialization/typed_ast_deserializer.rs	bf73ee6f031e81e9	Apache-2.0	closure:src/com/google/javascript/jscomp/serialization/TypedAstDeserializer.java
crates/jscomp/src/serialization/typed_ast_proto.rs	7271449f89ee05ca	Apache-2.0	closure:src/com/google/javascript/rhino/typed_ast/typed_ast.proto
crates/jscomp/src/serialization/typed_ast_serializer.rs	fd0618115f220f9a	Apache-2.0	closure:src/com/google/javascript/jscomp/serialization/TypedAstSerializer.java
crates/jscomp/src/serialization/types_proto.rs	59aa05951461fc16	Apache-2.0	closure:src/com/google/javascript/rhino/typed_ast/types.proto
crates/jscomp/src/serialization/wtf8.rs	c446a33938811e43	Apache-2.0	closure:src/com/google/javascript/jscomp/serialization/Wtf8.java
crates/jscomp/src/show_by_path_warnings_guard.rs	cbc676a5d8b60240	Apache-2.0	closure:src/com/google/javascript/jscomp/ShowByPathWarningsGuard.java
crates/jscomp/src/simple_region.rs	a418d39f3c18c7aa	Apache-2.0	closure:src/com/google/javascript/jscomp/SimpleRegion.java
crates/jscomp/src/sorting_error_manager.rs	a2f90380e09accf2	Apache-2.0	closure:src/com/google/javascript/jscomp/SortingErrorManager.java
crates/jscomp/src/source_excerpt_provider.rs	b9303726364ae6d1	Apache-2.0	closure:src/com/google/javascript/jscomp/SourceExcerptProvider.java
crates/jscomp/src/source_file.rs	723201953a83659e	Apache-2.0	closure:src/com/google/javascript/jscomp/SourceFile.java
crates/jscomp/src/source_file_mapping.rs	3a6a4350e46f9512	Apache-2.0	closure:src/com/google/javascript/jscomp/SourceFileMapping.java
crates/jscomp/src/source_info_check.rs	e7fa2647ccc6f165	Apache-2.0	closure:src/com/google/javascript/jscomp/SourceInfoCheck.java
crates/jscomp/src/source_information_annotator.rs	51abe114c9bebbed	Apache-2.0	closure:src/com/google/javascript/jscomp/SourceInformationAnnotator.java
crates/jscomp/src/source_map.rs	e74bbd13d546d0ae	Apache-2.0	closure:src/com/google/javascript/jscomp/SourceMap.java
crates/jscomp/src/source_map_input.rs	52b5d757d3a27b55	Apache-2.0	closure:src/com/google/javascript/jscomp/SourceMapInput.java
crates/jscomp/src/source_map_resolver.rs	765251199dc36cfa	Apache-2.0	closure:src/com/google/javascript/jscomp/SourceMapResolver.java; guava:com/google/common/io/BaseEncoding.java
crates/jscomp/src/sourcemap_mapping_placeholder.rs	322fc2ba37b98b96	Apache-2.0	-
crates/jscomp/src/statement_fusion.rs	99ffce984fd533f4	Apache-2.0	closure:src/com/google/javascript/jscomp/StatementFusion.java
crates/jscomp/src/strict_mode_check.rs	e82c1904145dd8ec	Apache-2.0	closure:src/com/google/javascript/jscomp/StrictModeCheck.java; closure:src/com/google/javascript/jscomp/NodeTraversal.java
crates/jscomp/src/strict_warnings_guard.rs	026bb8d0549259ec	Apache-2.0	closure:src/com/google/javascript/jscomp/StrictWarningsGuard.java
crates/jscomp/src/strip_code.rs	9cb76a7b1a9c2e96	Apache-2.0	closure:src/com/google/javascript/jscomp/StripCode.java
crates/jscomp/src/substitute_es6_syntax.rs	662a0ba04d15e99c	Apache-2.0	closure:src/com/google/javascript/jscomp/SubstituteEs6Syntax.java; closure:src/com/google/javascript/jscomp/NodeTraversal.java
crates/jscomp/src/suppress_doc_warnings_guard.rs	1968a35c7a0e1456	Apache-2.0	closure:src/com/google/javascript/jscomp/SuppressDocWarningsGuard.java
crates/jscomp/src/symbol_table.rs	322fc2ba37b98b96	Apache-2.0	-
crates/jscomp/src/syntactic_scope_creator.rs	de35678c6a9cee05	Apache-2.0	closure:src/com/google/javascript/jscomp/SyntacticScopeCreator.java; closure:src/com/google/javascript/jscomp/AbstractCompiler.java
crates/jscomp/src/synthesize_explicit_constructors.rs	66bf3ab048938416	Apache-2.0	closure:src/com/google/javascript/jscomp/SynthesizeExplicitConstructors.java
crates/jscomp/src/template_ast_matcher.rs	b9bd87c21f756482	Apache-2.0	closure:src/com/google/javascript/jscomp/TemplateAstMatcher.java
crates/jscomp/src/testing/code_sub_tree.rs	e90709342dd4abcd	Apache-2.0	closure:src/com/google/javascript/jscomp/testing/CodeSubTree.java
crates/jscomp/src/testing/color_subject.rs	c3ddc89ac8af26b5	Apache-2.0	closure:src/com/google/javascript/jscomp/testing/ColorSubject.java
crates/jscomp/src/testing/mod.rs	322fc2ba37b98b96	Apache-2.0	-
crates/jscomp/src/testing/simple_source_excerpt_provider.rs	604b3f90659b3de1	Apache-2.0	closure:src/com/google/javascript/jscomp/testing/SimpleSourceExcerptProvider.java
crates/jscomp/src/this_and_arguments_reference_updater.rs	6db1e19648657426	Apache-2.0	closure:src/com/google/javascript/jscomp/ThisAndArgumentsReferenceUpdater.java
crates/jscomp/src/thread_safe_delegating_error_manager.rs	55ded7d9c603b0bf	Apache-2.0	closure:src/com/google/javascript/jscomp/ThreadSafeDelegatingErrorManager.java
crates/jscomp/src/timeline.rs	b47591b6649a5342	Apache-2.0	closure:src/com/google/javascript/jscomp/Timeline.java; closure:test/com/google/javascript/jscomp/TimelineTest.java
crates/jscomp/src/tracer.rs	e14092ca69940456	Apache-2.0	closure:src/com/google/javascript/jscomp/Tracer.java
crates/jscomp/src/transpilation_namespace.rs	322fc2ba37b98b96	Apache-2.0	-
crates/jscomp/src/transpilation_passes.rs	7c9609e29e4fb4c9	Apache-2.0	closure:src/com/google/javascript/jscomp/TranspilationPasses.java
crates/jscomp/src/transpilation_util.rs	ad5e824498d4842d	Apache-2.0	closure:src/com/google/javascript/jscomp/TranspilationUtil.java
crates/jscomp/src/transpile/base_transpiler.rs	f98d6e92d6818051	Apache-2.0	closure:src/com/google/javascript/jscomp/transpile/BaseTranspiler.java
crates/jscomp/src/transpile/mod.rs	322fc2ba37b98b96	Apache-2.0	-
crates/jscomp/src/transpile/transpile_result.rs	f0ae48fcee426b60	Apache-2.0	closure:src/com/google/javascript/jscomp/transpile/TranspileResult.java; guava:com/google/common/net/PercentEscaper.java; guava:com/google/common/escape/UnicodeEscaper.java; closure:test/com/google/javascript/jscomp/transpile/TranspileResultTest.java
crates/jscomp/src/transpile/transpiler.rs	4191a6e58201aea8	Apache-2.0	closure:src/com/google/javascript/jscomp/transpile/Transpiler.java
crates/jscomp/src/transpile_and_optimize_closure_unaware.rs	392294515dab72ea	Apache-2.0	closure:src/com/google/javascript/jscomp/TranspileAndOptimizeClosureUnaware.java
crates/jscomp/src/type_check.rs	b4294a072ba0ca85	Apache-2.0	closure:src/com/google/javascript/jscomp/TypeCheck.java; closure:src/com/google/javascript/jscomp/TypedScopeCreator.java
crates/jscomp/src/type_inference.rs	9acdb01da4db1476	Apache-2.0	closure:src/com/google/javascript/jscomp/TypeInference.java; closure:src/com/google/javascript/jscomp/LinkedFlowScope.java
crates/jscomp/src/type_inference_pass.rs	3a4d7312d8f3213f	Apache-2.0	closure:src/com/google/javascript/jscomp/TypeInferencePass.java; closure:src/com/google/javascript/jscomp/TypedScopeCreator.java
crates/jscomp/src/type_matching_strategy.rs	cda00f8ff40f04fb	Apache-2.0	closure:src/com/google/javascript/jscomp/TypeMatchingStrategy.java
crates/jscomp/src/type_mismatch.rs	d1c01c38f034099b	Apache-2.0	closure:src/com/google/javascript/jscomp/TypeMismatch.java
crates/jscomp/src/type_transformation.rs	ffbe3d9c46dbcb24	Apache-2.0	closure:src/com/google/javascript/jscomp/TypeTransformation.java
crates/jscomp/src/type_validator.rs	39ea2f37c81f9cf6	Apache-2.0	closure:src/com/google/javascript/jscomp/TypeValidator.java
crates/jscomp/src/typed_code_generator.rs	0f9c13e6691f509f	Apache-2.0	closure:src/com/google/javascript/jscomp/TypedCodeGenerator.java
crates/jscomp/src/typed_scope.rs	02dd1b90e4f4b4bb	Apache-2.0	closure:src/com/google/javascript/jscomp/TypedScope.java; closure:src/com/google/javascript/jscomp/AbstractScope.java; closure:src/com/google/javascript/jscomp/TypedVar.java
crates/jscomp/src/typed_scope_creator.rs	ed73a2d9c981d8fe	Apache-2.0	closure:src/com/google/javascript/jscomp/TypedScopeCreator.java; closure:src/com/google/javascript/jscomp/NodeTraversal.java
crates/jscomp/src/typed_scope_creator_rhino.rs	59c3525601211117	(MPL-1.1 OR GPL-2.0-or-later)	closure:src/com/google/javascript/rhino/jstype/StaticTypedScope.java
crates/jscomp/src/typed_var.rs	dcf5cf6ec21a9929	Apache-2.0	closure:src/com/google/javascript/jscomp/TypedVar.java; closure:src/com/google/javascript/jscomp/AbstractVar.java
crates/jscomp/src/unique_id_supplier.rs	15ae6fc169d43198	Apache-2.0	closure:src/com/google/javascript/jscomp/UniqueIdSupplier.java
crates/jscomp/src/validity_check.rs	14e38e658e177bfa	Apache-2.0	closure:src/com/google/javascript/jscomp/ValidityCheck.java; closure:src/com/google/javascript/jscomp/NodeTraversal.java
crates/jscomp/src/var.rs	2fb20aa0c6316475	Apache-2.0	closure:src/com/google/javascript/jscomp/Var.java; closure:src/com/google/javascript/jscomp/AbstractVar.java
crates/jscomp/src/var_cfg_hash.rs	322fc2ba37b98b96	Apache-2.0	-
crates/jscomp/src/var_check.rs	f7a10caeee83568b	Apache-2.0	closure:src/com/google/javascript/jscomp/VarCheck.java
crates/jscomp/src/variable_map.rs	1604ae32c4e97fbc	Apache-2.0	closure:src/com/google/javascript/jscomp/VariableMap.java; guava:com/google/common/collect/JdkBackedImmutableBiMap.java; guava:com/google/common/collect/ImmutableMap.java; guava:com/google/common/collect/JdkBackedImmutableMap.java; guava:com/google/common/collect/Hashing.java
crates/jscomp/src/variable_reference_check.rs	85757ea22ef23e21	Apache-2.0	closure:src/com/google/javascript/jscomp/VariableReferenceCheck.java; closure:src/com/google/javascript/jscomp/NodeTraversal.java
crates/jscomp/src/variable_renaming_policy.rs	54cbf4b6aa60d496	Apache-2.0	closure:src/com/google/javascript/jscomp/VariableRenamingPolicy.java
crates/jscomp/src/verbose_message_formatter.rs	4cd2f8d3c77a2f60	Apache-2.0	closure:src/com/google/javascript/jscomp/VerboseMessageFormatter.java; closure:src/com/google/javascript/jscomp/AbstractMessageFormatter.java
crates/jscomp/src/warning_level.rs	3b0b8d46b2af807f	Apache-2.0	closure:src/com/google/javascript/jscomp/WarningLevel.java
crates/jscomp/src/warnings_guard.rs	9ebffcf7a959b2dc	Apache-2.0	closure:src/com/google/javascript/jscomp/WarningsGuard.java
crates/jscomp/src/whitespace_wrap_goog_modules.rs	cfff423640c2f289	Apache-2.0	closure:src/com/google/javascript/jscomp/WhitespaceWrapGoogModules.java
crates/jscomp/src/xid.rs	23ca1e61cbd8203b	Apache-2.0	closure:src/com/google/javascript/jscomp/Xid.java
crates/jscomp/src/xtb_message_bundle.rs	33e995385250e289	Apache-2.0	closure:src/com/google/javascript/jscomp/XtbMessageBundle.java
crates/jscomp/tests/alias_strings_test.rs	f2a301e384a75bbc	Apache-2.0	closure:test/com/google/javascript/jscomp/AliasStringsTest.java; closure:test/com/google/javascript/jscomp/CompilerTestCase.java
crates/jscomp/tests/ast_analyzer_test.rs	d9d0e80b6b3b47b4	Apache-2.0	closure:test/com/google/javascript/jscomp/AstAnalyzerTest.java
crates/jscomp/tests/ast_factory_test.rs	b9d3beee6ea0de1c	Apache-2.0	closure:test/com/google/javascript/jscomp/AstFactoryTest.java
crates/jscomp/tests/ast_manipulations_test.rs	dae1806d1a4e5cd4	Apache-2.0	closure:test/com/google/javascript/jscomp/AstManipulationsTest.java
crates/jscomp/tests/ast_validator_test.rs	f54e4ab984be20de	Apache-2.0	closure:test/com/google/javascript/jscomp/AstValidatorTest.java; closure:src/com/google/javascript/jscomp/AstValidator.java; closure:src/com/google/javascript/jscomp/CompilerOptions.java; closure:test/com/google/javascript/jscomp/CompilerTestCase.java
crates/jscomp/tests/base_transpiler_test.rs	ae2c367202104d1d	Apache-2.0	closure:test/com/google/javascript/jscomp/transpile/BaseTranspilerTest.java; closure:src/com/google/javascript/jscomp/transpile/BaseTranspiler.java
crates/jscomp/tests/change_verifier_test.rs	39127adfd18ee5ff	Apache-2.0	closure:test/com/google/javascript/jscomp/ChangeVerifierTest.java
crates/jscomp/tests/check_missing_requires_test.rs	11618df2e1bcbba3	Apache-2.0	closure:test/com/google/javascript/jscomp/CompilerTestCase.java; closure:test/com/google/javascript/jscomp/CheckMissingRequiresTest.java
crates/jscomp/tests/check_paths_between_nodes_test.rs	075c74ddf3a9d64c	Apache-2.0	closure:test/com/google/javascript/jscomp/graph/CheckPathsBetweenNodesTest.java
crates/jscomp/tests/closure_bundler_test.rs	69a51198e2f4fa5e	Apache-2.0	closure:test/com/google/javascript/jscomp/deps/ClosureBundlerTest.java
crates/jscomp/tests/closure_coding_convention_test.rs	f79d7764f5bf40f3	Apache-2.0	closure:test/com/google/javascript/jscomp/ClosureCodingConventionTest.java
crates/jscomp/tests/closure_reverse_abstract_interpreter_test.rs	11466036d5a0a386	Apache-2.0	closure:test/com/google/javascript/jscomp/CompilerTypeTestCase.java; closure:test/com/google/javascript/jscomp/ClosureReverseAbstractInterpreterTest.java
crates/jscomp/tests/code_printer_diff_test.rs	322fc2ba37b98b96	Apache-2.0	-
crates/jscomp/tests/code_printer_es6_typed_test.rs	16805a532080dd8d	Apache-2.0	closure:test/com/google/javascript/jscomp/CodePrinterEs6TypedTest.java
crates/jscomp/tests/code_printer_original_name_test.rs	428f4ae502b7cd75	Apache-2.0	closure:test/com/google/javascript/jscomp/CodePrinterTest.java
crates/jscomp/tests/code_printer_test.rs	428f4ae502b7cd75	Apache-2.0	closure:test/com/google/javascript/jscomp/CodePrinterTest.java
crates/jscomp/tests/collapse_anonymous_functions_test.rs	e0d6d00abad2c53c	Apache-2.0	closure:test/com/google/javascript/jscomp/CompilerTestCase.java; closure:test/com/google/javascript/jscomp/CollapseAnonymousFunctionsTest.java
crates/jscomp/tests/color_id_test.rs	01c9420c2ebba9f5	Apache-2.0	closure:test/com/google/javascript/jscomp/colors/ColorIdTest.java
crates/jscomp/tests/color_pool_test.rs	ef7ff464cb41c094	Apache-2.0	closure:test/com/google/javascript/jscomp/serialization/ColorPoolTest.java
crates/jscomp/tests/color_serializer_test.rs	2354aef0f6c16598	Apache-2.0	closure:test/com/google/javascript/jscomp/serialization/ColorSerializerTest.java
crates/jscomp/tests/color_test.rs	4f8c4d0e94981ced	Apache-2.0	closure:test/com/google/javascript/jscomp/colors/ColorTest.java
crates/jscomp/tests/colors_behavior_test.rs	322fc2ba37b98b96	Apache-2.0	-
crates/jscomp/tests/colors_vectors_test.rs	322fc2ba37b98b96	Apache-2.0	-
crates/jscomp/tests/combined_compiler_pass_test.rs	770232544821c034	Apache-2.0	closure:test/com/google/javascript/jscomp/CombinedCompilerPassTest.java
crates/jscomp/tests/common_js_integration_test.rs	17ece181e36f8378	Apache-2.0	closure:test/com/google/javascript/jscomp/integration/CommonJSIntegrationTest.java; closure:test/com/google/javascript/jscomp/integration/IntegrationTestCase.java
crates/jscomp/tests/compiler_chunk_dependencies.rs	4c4fe17cbdc19874	Apache-2.0	closure:test/com/google/javascript/jscomp/JSChunkGraphTest.java; closure:test/com/google/javascript/jscomp/JSChunkTest.java
crates/jscomp/tests/compiler_chunks.rs	4c4fe17cbdc19874	Apache-2.0	closure:test/com/google/javascript/jscomp/JSChunkGraphTest.java; closure:test/com/google/javascript/jscomp/JSChunkTest.java
crates/jscomp/tests/compiler_excerpt_test.rs	7ef26afee16e1679	Apache-2.0	closure:test/com/google/javascript/jscomp/JSCompilerSourceExcerptProviderTest.java; closure:test/com/google/javascript/jscomp/DiagnosticGroupTest.java
crates/jscomp/tests/compiler_flow_test.rs	c0f722255ca8980e	Apache-2.0	closure:test/com/google/javascript/jscomp/CompilerTest.java
crates/jscomp/tests/compiler_options_configs_test.rs	322fc2ba37b98b96	Apache-2.0	-
crates/jscomp/tests/compiler_options_defaults_test.rs	c32abd3c389099ca	Apache-2.0	own:scripts/unit_options_defaults/OptionsDefaultsDump.java
crates/jscomp/tests/compiler_options_strings_test.rs	322fc2ba37b98b96	Apache-2.0	-
crates/jscomp/tests/compiler_options_test.rs	f9dbb491b8c56e78	Apache-2.0	closure:test/com/google/javascript/jscomp/CompilerOptionsTest.java
crates/jscomp/tests/compiler_suppress_doc_test.rs	3a66821c6d4e0cd7	Apache-2.0	closure:test/com/google/javascript/jscomp/WarningsGuardTest.java
crates/jscomp/tests/compiler_test.rs	c0f722255ca8980e	Apache-2.0	closure:test/com/google/javascript/jscomp/CompilerTest.java
crates/jscomp/tests/compiler_whitespace_test.rs	322fc2ba37b98b96	Apache-2.0	-
crates/jscomp/tests/conformance_integration_test.rs	5267864cd7f0156c	Apache-2.0	closure:test/com/google/javascript/jscomp/ConformanceIntegrationTest.java
crates/jscomp/tests/control_flow_analysis_test.rs	74e7eecd37b95638	Apache-2.0	closure:test/com/google/javascript/jscomp/ControlFlowAnalysisTest.java
crates/jscomp/tests/convert_chunks_to_es_modules_test.rs	333873c8053f8f4b	Apache-2.0	closure:test/com/google/javascript/jscomp/ConvertChunksToESModulesTest.java
crates/jscomp/tests/create_synthetic_blocks_test.rs	face7c2b37e7ad16	Apache-2.0	closure:test/com/google/javascript/jscomp/CreateSyntheticBlocksTest.java; closure:test/com/google/javascript/jscomp/CompilerTestCase.java
crates/jscomp/tests/d2_stderr_fixture_test.rs	60000f4fcec75be1	Apache-2.0	closure:src/com/google/javascript/jscomp/SortingErrorManager.java; closure:src/com/google/javascript/jscomp/LightweightMessageFormatter.java
crates/jscomp/tests/data_flow_analysis_test.rs	0cc7741fb1107dc4	Apache-2.0	closure:test/com/google/javascript/jscomp/DataFlowAnalysisTest.java
crates/jscomp/tests/default_coding_convention_test.rs	eb2a82e772b946fa	Apache-2.0	closure:test/com/google/javascript/jscomp/DefaultCodingConventionTest.java
crates/jscomp/tests/default_name_generator_test.rs	b9e0c6f4e4c41685	Apache-2.0	closure:test/com/google/javascript/jscomp/DefaultNameGeneratorTest.java
crates/jscomp/tests/default_pass_config_test.rs	d1e3b0878666a5fb	Apache-2.0	closure:src/com/google/javascript/jscomp/CommandLineRunner.java; own:crates/jscomp/tests/java/CompilerPassLists.java
crates/jscomp/tests/diagnostic_groups_test.rs	c95d4d87e2e360f5	Apache-2.0	closure:test/com/google/javascript/jscomp/DiagnosticGroupsTest.java; own:crates/jscomp/tests/java/CompilerDiagnosticGroups.java
crates/jscomp/tests/diagnostics_contract_test.rs	66f4db343b48291e	Apache-2.0	closure:src/com/google/javascript/jscomp/StrictWarningsGuard.java; closure:src/com/google/javascript/jscomp/DiagnosticType.java; closure:src/com/google/javascript/jscomp/JSError.java; closure:src/com/google/javascript/jscomp/LightweightMessageFormatter.java; closure:src/com/google/javascript/jscomp/DiagnosticGroupPathSuppressingWarningsGuard.java; closure:src/com/google/javascript/jscomp/LoggerErrorManager.java; closure:src/com/google/javascript/jscomp/ThreadSafeDelegatingErrorManager.java; closure:src/com/google/javascript/jscomp/SourceFile.java
crates/jscomp/tests/disambiguate_test.rs	e4ca5f25415cd6ad	Apache-2.0	closure:test/com/google/javascript/jscomp/disambiguate/ClusterPropagatorTest.java; closure:test/com/google/javascript/jscomp/disambiguate/ColorGraphNodeFactoryTest.java; closure:test/com/google/javascript/jscomp/disambiguate/UseSiteRenamerTest.java; closure:test/com/google/javascript/jscomp/disambiguate/ColorGraphBuilderTest.java
crates/jscomp/tests/dominator_tree_test.rs	cf454690475d2445	Apache-2.0	closure:test/com/google/javascript/jscomp/graph/DominatorTreeTest.java
crates/jscomp/tests/dot_formatter_test.rs	cdbb1acea1864abd	Apache-2.0	closure:test/com/google/javascript/jscomp/DotFormatterTest.java
crates/jscomp/tests/es6_rewrite_scripts_to_modules_test.rs	518f7b279a799be1	Apache-2.0	closure:test/com/google/javascript/jscomp/Es6RewriteScriptsToModulesTest.java
crates/jscomp/tests/exploit_assigns_test.rs	4855333b121aa0ed	Apache-2.0	closure:test/com/google/javascript/jscomp/ExploitAssignsTest.java; closure:test/com/google/javascript/jscomp/CompilerTestCase.java
crates/jscomp/tests/export_test_functions_test.rs	93213b1f71e4f642	Apache-2.0	closure:test/com/google/javascript/jscomp/ExportTestFunctionsTest.java; closure:test/com/google/javascript/jscomp/CompilerTestCase.java
crates/jscomp/tests/expression_decomposer_test.rs	ad160c02dff6393b	Apache-2.0	closure:test/com/google/javascript/jscomp/ExpressionDecomposerTest.java
crates/jscomp/tests/extern_exports_pass_test.rs	0619819ace507663	Apache-2.0	closure:test/com/google/javascript/jscomp/ExternExportsPassTest.java; closure:test/com/google/javascript/jscomp/CompilerTestCase.java
crates/jscomp/tests/fast_gzip_output_stream_test.rs	322fc2ba37b98b96	Apache-2.0	-
crates/jscomp/tests/fixed_point_graph_traversal_test.rs	b59de532319aab68	Apache-2.0	closure:test/com/google/javascript/jscomp/FixedPointGraphTraversalTest.java
crates/jscomp/tests/flow_sensitive_inline_variables_test.rs	efd92f0f6987dd61	Apache-2.0	closure:test/com/google/javascript/jscomp/FlowSensitiveInlineVariablesTest.java; own:oracle/replay/src/com/google/javascript/jscomp/ReplayDsl.java; closure:test/com/google/javascript/jscomp/CompilerTestCase.java
crates/jscomp/tests/function_argument_injector_test.rs	21a2adea66cdea61	Apache-2.0	closure:test/com/google/javascript/jscomp/FunctionArgumentInjectorTest.java
crates/jscomp/tests/function_injector_test.rs	56b4af9bd3f09e96	Apache-2.0	closure:test/com/google/javascript/jscomp/FunctionInjectorTest.java
crates/jscomp/tests/function_rewriter_test.rs	564edc2f70a53684	Apache-2.0	closure:test/com/google/javascript/jscomp/FunctionRewriterTest.java; closure:test/com/google/javascript/jscomp/CompilerTestCase.java
crates/jscomp/tests/function_to_block_mutator_test.rs	f83e061484166bd9	Apache-2.0	closure:test/com/google/javascript/jscomp/FunctionToBlockMutatorTest.java
crates/jscomp/tests/gather_getter_and_setter_properties_test.rs	98a10e769f4d1918	Apache-2.0	closure:test/com/google/javascript/jscomp/GatherGetterAndSetterPropertiesTest.java
crates/jscomp/tests/gather_module_metadata_test.rs	aa3b32c38a1ed056	Apache-2.0	closure:test/com/google/javascript/jscomp/GatherModuleMetadataTest.java
crates/jscomp/tests/google_coding_convention_test.rs	c9e70e11759c1b5b	Apache-2.0	closure:test/com/google/javascript/jscomp/GoogleCodingConventionTest.java
crates/jscomp/tests/graph_coloring_test.rs	61859ca702360b30	Apache-2.0	closure:test/com/google/javascript/jscomp/graph/GraphColoringTest.java
crates/jscomp/tests/graph_reachability_test.rs	6cb08f10f106b69f	Apache-2.0	closure:test/com/google/javascript/jscomp/graph/GraphReachabilityTest.java
crates/jscomp/tests/graph_test.rs	ca58afc2e0c69f87	Apache-2.0	closure:test/com/google/javascript/jscomp/graph/GraphTest.java
crates/jscomp/tests/guarded_callback_test.rs	56b5cc8269f5d88a	Apache-2.0	closure:test/com/google/javascript/jscomp/GuardedCallbackTest.java
crates/jscomp/tests/id_mapping_util_test.rs	c12abd9b8c27bfaa	Apache-2.0	closure:test/com/google/javascript/jscomp/IdMappingUtilTest.java
crates/jscomp/tests/implicit_var_type_lookup_test.rs	322fc2ba37b98b96	Apache-2.0	-
crates/jscomp/tests/inject_transpilation_runtime_libraries_test.rs	87ca75471b730897	Apache-2.0	closure:test/com/google/javascript/jscomp/InjectTranspilationRuntimeLibrariesTest.java
crates/jscomp/tests/inline_cost_estimator_test.rs	df0d31160a99d4ee	Apache-2.0	closure:test/com/google/javascript/jscomp/InlineCostEstimatorTest.java
crates/jscomp/tests/inline_variables_constants_test.rs	ebf65f03c989b973	Apache-2.0	closure:test/com/google/javascript/jscomp/InlineVariablesConstantsTest.java; own:oracle/replay/src/com/google/javascript/jscomp/ReplayDsl.java; closure:test/com/google/javascript/jscomp/CompilerTestCase.java
crates/jscomp/tests/inline_variables_test.rs	1c0de8a89a80a0fa	Apache-2.0	closure:test/com/google/javascript/jscomp/InlineVariablesTest.java; own:oracle/replay/src/com/google/javascript/jscomp/ReplayDsl.java; closure:test/com/google/javascript/jscomp/CompilerTestCase.java
crates/jscomp/tests/invalidating_types_test.rs	03898bbfeba009da	Apache-2.0	closure:test/com/google/javascript/jscomp/InvalidatingTypesTest.java
crates/jscomp/tests/isolate_polyfills_test.rs	1f3910e7a51fac10	Apache-2.0	closure:test/com/google/javascript/jscomp/IsolatePolyfillsTest.java
crates/jscomp/tests/j2cl_suppress_warnings_guard_test.rs	e6a58dc5b469a1c4	Apache-2.0	closure:test/com/google/javascript/jscomp/J2clSuppressWarningsGuardTest.java
crates/jscomp/tests/java_double_test.rs	322fc2ba37b98b96	Apache-2.0	-
crates/jscomp/tests/java_pattern_test.rs	322fc2ba37b98b96	Apache-2.0	-
crates/jscomp/tests/js_doc_info_printer_test.rs	2a77667fdf1f738a	Apache-2.0	closure:test/com/google/javascript/jscomp/JSDocInfoPrinterTest.java
crates/jscomp/tests/js_message_test.rs	d33c9a43887c8a8a	Apache-2.0	closure:test/com/google/javascript/jscomp/JsMessageTest.java
crates/jscomp/tests/js_message_visitor_test.rs	58682a55bc9776f4	Apache-2.0	closure:test/com/google/javascript/jscomp/JsMessageVisitorTest.java; closure:src/com/google/javascript/jscomp/NodeTraversal.java
crates/jscomp/tests/jsdoc_serializer_test.rs	a12b6d85cc9adbc2	Apache-2.0	closure:test/com/google/javascript/jscomp/serialization/JSDocSerializerTest.java
crates/jscomp/tests/lazy_parsed_dependency_info_test.rs	48b9994c4a244a38	Apache-2.0	closure:test/com/google/javascript/jscomp/LazyParsedDependencyInfoTest.java
crates/jscomp/tests/lightweight_message_formatter_test.rs	89ff029a9dd69592	Apache-2.0	closure:test/com/google/javascript/jscomp/LightweightMessageFormatterTest.java
crates/jscomp/tests/linked_flow_scope_test.rs	9b836451a1946907	Apache-2.0	closure:test/com/google/javascript/jscomp/LinkedFlowScopeTest.java; closure:test/com/google/javascript/jscomp/CompilerTypeTestCase.java
crates/jscomp/tests/lint/check_const_private_properties_test.rs	35b1dbddaf04a187	Apache-2.0	closure:test/com/google/javascript/jscomp/lint/CheckConstPrivatePropertiesTest.java
crates/jscomp/tests/lint/check_constant_case_names_test.rs	096ba5e1ef316e8c	Apache-2.0	closure:test/com/google/javascript/jscomp/lint/CheckConstantCaseNamesTest.java
crates/jscomp/tests/lint/check_empty_statements_test.rs	1b40ab76ead9a81a	Apache-2.0	closure:test/com/google/javascript/jscomp/lint/CheckEmptyStatementsTest.java
crates/jscomp/tests/lint/check_enums_test.rs	101b7a8e04999497	Apache-2.0	closure:test/com/google/javascript/jscomp/lint/CheckEnumsTest.java
crates/jscomp/tests/lint/check_es6_module_file_structure_test.rs	b948f90420abd4b9	Apache-2.0	closure:test/com/google/javascript/jscomp/lint/CheckEs6ModuleFileStructureTest.java
crates/jscomp/tests/lint/check_es6_modules_test.rs	7743c8e089ab376e	Apache-2.0	closure:test/com/google/javascript/jscomp/lint/CheckEs6ModulesTest.java
crates/jscomp/tests/lint/check_extra_requires_test.rs	ee991eec9ccfb51b	Apache-2.0	closure:test/com/google/javascript/jscomp/lint/CheckExtraRequiresTest.java
crates/jscomp/tests/lint/check_extra_requires_with_remove_list_test.rs	debe1b5624477627	Apache-2.0	closure:test/com/google/javascript/jscomp/lint/CheckExtraRequiresWithRemoveListTest.java
crates/jscomp/tests/lint/check_goog_module_type_script_name_test.rs	3c4232a4e43b671b	Apache-2.0	closure:test/com/google/javascript/jscomp/lint/CheckGoogModuleTypeScriptNameTest.java
crates/jscomp/tests/lint/check_interfaces_test.rs	f6e13c520fff0e8d	Apache-2.0	closure:test/com/google/javascript/jscomp/lint/CheckInterfacesTest.java
crates/jscomp/tests/lint/check_jsdoc_style_test.rs	56988506ac015579	Apache-2.0	closure:test/com/google/javascript/jscomp/lint/CheckJSDocStyleTest.java
crates/jscomp/tests/lint/check_missing_semicolon_test.rs	a6416b2aec82da19	Apache-2.0	closure:test/com/google/javascript/jscomp/lint/CheckMissingSemicolonTest.java
crates/jscomp/tests/lint/check_no_mutated_es6_exports_test.rs	bf9f2010dc1f8f40	Apache-2.0	closure:test/com/google/javascript/jscomp/lint/CheckNoMutatedEs6ExportsTest.java
crates/jscomp/tests/lint/check_nullability_modifiers_test.rs	81222ae01a0b7448	Apache-2.0	closure:test/com/google/javascript/jscomp/lint/CheckNullabilityModifiersTest.java
crates/jscomp/tests/lint/check_primitive_as_object_test.rs	e2eff80e1a0aa9c1	Apache-2.0	closure:test/com/google/javascript/jscomp/lint/CheckPrimitiveAsObjectTest.java
crates/jscomp/tests/lint/check_prototype_properties_test.rs	c0a601cc748825e2	Apache-2.0	closure:test/com/google/javascript/jscomp/lint/CheckPrototypePropertiesTest.java
crates/jscomp/tests/lint/check_provides_sorted_test.rs	03413264bc2124c8	Apache-2.0	closure:test/com/google/javascript/jscomp/lint/CheckProvidesSortedTest.java; closure:src/com/google/javascript/jscomp/CompilerPass.java
crates/jscomp/tests/lint/check_requires_sorted_test.rs	818180e4ba2fe77c	Apache-2.0	closure:test/com/google/javascript/jscomp/lint/CheckRequiresSortedTest.java; closure:src/com/google/javascript/jscomp/CompilerPass.java
crates/jscomp/tests/lint/check_unused_labels_test.rs	e77beec67fb6c7db	Apache-2.0	closure:test/com/google/javascript/jscomp/lint/CheckUnusedLabelsTest.java
crates/jscomp/tests/lint/check_unused_private_properties_test.rs	8fecab6dd47e92f6	Apache-2.0	closure:test/com/google/javascript/jscomp/lint/CheckUnusedPrivatePropertiesTest.java
crates/jscomp/tests/lint/check_useless_blocks_test.rs	a86906317c555f41	Apache-2.0	closure:test/com/google/javascript/jscomp/lint/CheckUselessBlocksTest.java
crates/jscomp/tests/lint/check_var_test.rs	b41b6afdc52cbce1	Apache-2.0	closure:test/com/google/javascript/jscomp/lint/CheckVarTest.java
crates/jscomp/tests/lint/main.rs	322fc2ba37b98b96	Apache-2.0	-
crates/jscomp/tests/lint/support.rs	322fc2ba37b98b96	Apache-2.0	-
crates/jscomp/tests/live_variables_analysis_test.rs	6e6ac4eb24d94632	Apache-2.0	closure:test/com/google/javascript/jscomp/LiveVariablesAnalysisTest.java
crates/jscomp/tests/logs_gson_test.rs	6917c9a0781a5267	Apache-2.0	closure:test/com/google/javascript/jscomp/diagnostic/LogsGsonTest.java
crates/jscomp/tests/lowest_common_ancestor_finder_test.rs	7566775f04ccb317	Apache-2.0	closure:test/com/google/javascript/jscomp/graph/LowestCommonAncestorFinderTest.java
crates/jscomp/tests/make_declared_names_unique_test.rs	48d008663c221d3a	Apache-2.0	closure:test/com/google/javascript/jscomp/CompilerTestCase.java; closure:test/com/google/javascript/jscomp/MakeDeclaredNamesUniqueTest.java; closure:src/com/google/javascript/jscomp/CompilerPass.java
crates/jscomp/tests/maybe_reaching_variable_use_test.rs	1b194013c14807f9	Apache-2.0	closure:test/com/google/javascript/jscomp/MaybeReachingVariableUseTest.java
crates/jscomp/tests/memoized_scope_creator_test.rs	8f757ee20a2b6be1	Apache-2.0	closure:test/com/google/javascript/jscomp/MemoizedScopeCreatorTest.java
crates/jscomp/tests/message_format_test.rs	0d52e95504e64dc9	Apache-2.0	closure:src/com/google/javascript/jscomp/DiagnosticType.java
crates/jscomp/tests/minimize_exit_points_test.rs	838617cbe833d5cc	Apache-2.0	closure:test/com/google/javascript/jscomp/MinimizeExitPointsTest.java; closure:test/com/google/javascript/jscomp/CompilerTestCase.java
crates/jscomp/tests/minimized_condition_test.rs	5490aafa334da9cd	Apache-2.0	closure:test/com/google/javascript/jscomp/MinimizedConditionTest.java
crates/jscomp/tests/must_be_reaching_variable_def_test.rs	c8db5c985c142c39	Apache-2.0	closure:test/com/google/javascript/jscomp/MustBeReachingVariableDefTest.java
crates/jscomp/tests/namegen_edge_test.rs	322fc2ba37b98b96	Apache-2.0	-
crates/jscomp/tests/namegen_golden_test.rs	322fc2ba37b98b96	Apache-2.0	-
crates/jscomp/tests/nested_compiler_runner_test.rs	72cffb42605ac5f9	Apache-2.0	closure:test/com/google/javascript/jscomp/NestedCompilerRunnerTest.java
crates/jscomp/tests/node_iterators_test.rs	fc53cadec4ffa39a	Apache-2.0	closure:test/com/google/javascript/jscomp/NodeIteratorsTest.java
crates/jscomp/tests/node_traversal_test.rs	2c7ae49463a937e8	Apache-2.0	closure:test/com/google/javascript/jscomp/NodeTraversalTest.java
crates/jscomp/tests/node_util_test.rs	ffcbe5f05a555572	Apache-2.0	closure:test/com/google/javascript/jscomp/NodeUtilTest.java
crates/jscomp/tests/node_util_test/helpers.rs	ffcbe5f05a555572	Apache-2.0	closure:test/com/google/javascript/jscomp/NodeUtilTest.java
crates/jscomp/tests/node_util_test/manual_tests.rs	ffcbe5f05a555572	Apache-2.0	closure:test/com/google/javascript/jscomp/NodeUtilTest.java
crates/jscomp/tests/node_util_test/parameter_tests.rs	ffcbe5f05a555572	Apache-2.0	closure:test/com/google/javascript/jscomp/NodeUtilTest.java
crates/jscomp/tests/node_util_test/parsed_tests.rs	ffcbe5f05a555572	Apache-2.0	closure:test/com/google/javascript/jscomp/NodeUtilTest.java
crates/jscomp/tests/optimize_calls_test.rs	2cda44ea9c23d9cc	Apache-2.0	closure:src/com/google/javascript/jscomp/ReferenceMap.java; closure:test/com/google/javascript/jscomp/OptimizeCallsTest.java; own:oracle/replay/src/com/google/javascript/jscomp/ReplayDsl.java; closure:test/com/google/javascript/jscomp/CompilerTestCase.java
crates/jscomp/tests/optimize_let_and_const_test.rs	4badb6c15b5053f7	Apache-2.0	closure:test/com/google/javascript/jscomp/OptimizeLetAndConstTest.java; closure:test/com/google/javascript/jscomp/CompilerTestCase.java
crates/jscomp/tests/optional_chain_type_check_test.rs	1f686cbc406c5013	Apache-2.0	closure:test/com/google/javascript/jscomp/OptionalChainTypeCheckTest.java
crates/jscomp/tests/partial_compilation_test.rs	91d652252b226578	Apache-2.0	closure:test/com/google/javascript/jscomp/PartialCompilationTest.java; closure:src/com/google/javascript/jscomp/BasicErrorManager.java
crates/jscomp/tests/peephole_collect_property_assignments_test.rs	3a5eaf82d53e7617	Apache-2.0	closure:test/com/google/javascript/jscomp/PeepholeCollectPropertyAssignmentsTest.java; closure:test/com/google/javascript/jscomp/CompilerTestCase.java
crates/jscomp/tests/peephole_fold_constants_test.rs	fdc08b90e5b86be5	Apache-2.0	closure:test/com/google/javascript/jscomp/PeepholeFoldConstantsTest.java; closure:test/com/google/javascript/jscomp/CompilerTestCase.java
crates/jscomp/tests/peephole_integration_test.rs	e83ac8e3661a49f4	Apache-2.0	closure:test/com/google/javascript/jscomp/PeepholeIntegrationTest.java; closure:test/com/google/javascript/jscomp/CompilerTestCase.java
crates/jscomp/tests/peephole_minimize_conditions_test.rs	1b49750d41736cad	Apache-2.0	closure:test/com/google/javascript/jscomp/PeepholeMinimizeConditionsTest.java; closure:test/com/google/javascript/jscomp/CompilerTestCase.java
crates/jscomp/tests/peephole_optimizations_pass_test.rs	7f2406916b4ae80d	Apache-2.0	closure:test/com/google/javascript/jscomp/PeepholeOptimizationsPassTest.java; closure:test/com/google/javascript/jscomp/CompilerTestCase.java
crates/jscomp/tests/peephole_remove_dead_code_test.rs	22d2b3763e7c1a54	Apache-2.0	closure:test/com/google/javascript/jscomp/PeepholeRemoveDeadCodeTest.java; closure:test/com/google/javascript/jscomp/CompilerTestCase.java
crates/jscomp/tests/peephole_replace_known_methods_test.rs	87b3f97b71202304	Apache-2.0	closure:test/com/google/javascript/jscomp/PeepholeReplaceKnownMethodsTest.java; closure:test/com/google/javascript/jscomp/CompilerTestCase.java
crates/jscomp/tests/peephole_substitute_alternate_syntax_test.rs	276d140fb325e5b9	Apache-2.0	closure:test/com/google/javascript/jscomp/PeepholeSubstituteAlternateSyntaxTest.java; closure:test/com/google/javascript/jscomp/CompilerTestCase.java
crates/jscomp/tests/performance_tracker_test.rs	207b01e0680a5437	Apache-2.0	closure:test/com/google/javascript/jscomp/PerformanceTrackerTest.java
crates/jscomp/tests/phase_optimizer_test.rs	0eab81520e265912	Apache-2.0	closure:test/com/google/javascript/jscomp/PhaseOptimizerTest.java
crates/jscomp/tests/polyfill_usage_finder_test.rs	23d82f3e63305e01	Apache-2.0	closure:test/com/google/javascript/jscomp/PolyfillUsageFinderTest.java
crates/jscomp/tests/process_common_js_modules_test.rs	56e52b5a0f3cf552	Apache-2.0	closure:test/com/google/javascript/jscomp/ProcessCommonJSModulesTest.java; own:oracle/replay/src/com/google/javascript/jscomp/ReplayDsl.java; closure:test/com/google/javascript/jscomp/CompilerTestCase.java; closure:test/com/google/javascript/jscomp/ModulesTestUtils.java
crates/jscomp/tests/process_tweaks_test.rs	6de05800c7fc8171	Apache-2.0	closure:test/com/google/javascript/jscomp/ProcessTweaksTest.java; closure:test/com/google/javascript/jscomp/CompilerTestCase.java
crates/jscomp/tests/pruning_analysis_test.rs	dedd90b318d6d786	Apache-2.0	closure:test/com/google/javascript/jscomp/PruningAnalysisTest.java
crates/jscomp/tests/pure_function_identifier_test.rs	e66bc7b7af8d5d58	Apache-2.0	closure:test/com/google/javascript/jscomp/PureFunctionIdentifierTest.java; closure:src/com/google/javascript/jscomp/NodeTraversal.java; own:oracle/replay/src/com/google/javascript/jscomp/ReplayDsl.java
crates/jscomp/tests/reference_collector_test.rs	90e80ccc0af9ce5c	Apache-2.0	closure:test/com/google/javascript/jscomp/ReferenceCollectorTest.java; closure:src/com/google/javascript/jscomp/ReferenceCollector.java
crates/jscomp/tests/remove_unused_code_class_properties_test.rs	6415e281aa1f686f	Apache-2.0	closure:test/com/google/javascript/jscomp/RemoveUnusedCodeClassPropertiesTest.java; closure:test/com/google/javascript/jscomp/CompilerTestCase.java
crates/jscomp/tests/remove_unused_code_name_analyzer_test.rs	00e856f5f80f6e58	Apache-2.0	closure:test/com/google/javascript/jscomp/RemoveUnusedCodeNameAnalyzerTest.java; closure:test/com/google/javascript/jscomp/CompilerTestCase.java
crates/jscomp/tests/remove_unused_code_prototype_properties_test.rs	c5987b784114f6cc	Apache-2.0	closure:test/com/google/javascript/jscomp/RemoveUnusedCodePrototypePropertiesTest.java; closure:test/com/google/javascript/jscomp/CompilerTestCase.java
crates/jscomp/tests/remove_unused_code_test.rs	e7d88175c4ae4c32	Apache-2.0	closure:test/com/google/javascript/jscomp/RemoveUnusedCodeTest.java; closure:test/com/google/javascript/jscomp/CompilerTestCase.java
crates/jscomp/tests/rename_properties_test.rs	713557697e005d6c	Apache-2.0	closure:test/com/google/javascript/jscomp/RenamePropertiesTest.java
crates/jscomp/tests/rename_vars_test.rs	0c28ce9e70fdbec5	Apache-2.0	closure:test/com/google/javascript/jscomp/CompilerTestCase.java; closure:test/com/google/javascript/jscomp/RenameVarsTest.java
crates/jscomp/tests/replace_strings_test.rs	98508f93241b71e9	Apache-2.0	closure:test/com/google/javascript/jscomp/ReplaceStringsTest.java; closure:src/com/google/javascript/jscomp/NodeTraversal.java; closure:test/com/google/javascript/jscomp/CompilerTestCase.java
crates/jscomp/tests/rescope_global_symbols_test.rs	ecf9132cdac1c286	Apache-2.0	closure:test/com/google/javascript/jscomp/RescopeGlobalSymbolsTest.java
crates/jscomp/tests/rewrite_global_declarations_for_try_catch_wrapping_test.rs	ab8bc76ded041ea4	Apache-2.0	closure:test/com/google/javascript/jscomp/RewriteGlobalDeclarationsForTryCatchWrappingTest.java
crates/jscomp/tests/rewrite_json_to_module_test.rs	e72d375b6caf2487	Apache-2.0	closure:test/com/google/javascript/jscomp/RewriteJsonToModuleTest.java
crates/jscomp/tests/rewrite_polyfills_test.rs	ce3a447dd1be969c	Apache-2.0	closure:test/com/google/javascript/jscomp/RewritePolyfillsTest.java
crates/jscomp/tests/rhino/collapse_anonymous_functions_test.rs	ae29b0f963dc7ce7	(MPL-1.1 OR GPL-2.0-or-later)	closure:src/com/google/javascript/rhino/Node.java
crates/jscomp/tests/rhino/lightweight_message_formatter_test.rs	ae29b0f963dc7ce7	(MPL-1.1 OR GPL-2.0-or-later)	closure:src/com/google/javascript/rhino/Node.java
crates/jscomp/tests/rhino/polyfill_usage_finder_test.rs	7f8f71794b663058	(MPL-1.1 OR GPL-2.0-or-later)	closure:src/com/google/javascript/rhino/testing/NodeSubject.java
crates/jscomp/tests/rhino/rename_vars_test.rs	7f8f71794b663058	(MPL-1.1 OR GPL-2.0-or-later)	closure:src/com/google/javascript/rhino/testing/NodeSubject.java
crates/jscomp/tests/rhino/syntactic_scope_creator_test.rs	faa76e21c9b230b5	(MPL-1.1 OR GPL-2.0-or-later)	closure:src/com/google/javascript/rhino/StaticScope.java
crates/jscomp/tests/rhino/template_ast_matcher_test.rs	ae29b0f963dc7ce7	(MPL-1.1 OR GPL-2.0-or-later)	closure:src/com/google/javascript/rhino/Node.java
crates/jscomp/tests/rhino_error_reporter_test.rs	b5e1cad9f301a3d3	Apache-2.0	closure:test/com/google/javascript/jscomp/RhinoErrorReporterTest.java
crates/jscomp/tests/runtime_js_lib_manager_test.rs	d90f1fd68d24b598	Apache-2.0	closure:test/com/google/javascript/jscomp/js/RuntimeJsLibManagerTest.java
crates/jscomp/tests/runtime_library_typed_ast_load_test.rs	322fc2ba37b98b96	Apache-2.0	-
crates/jscomp/tests/semantic_reverse_abstract_interpreter_test.rs	e03acf75a63a32fc	Apache-2.0	closure:test/com/google/javascript/jscomp/SemanticReverseAbstractInterpreterTest.java; closure:test/com/google/javascript/jscomp/CompilerTypeTestCase.java
crates/jscomp/tests/serialize_types_to_pointers_test.rs	1bed5fcd259bfbc2	Apache-2.0	closure:test/com/google/javascript/jscomp/serialization/SerializeTypesToPointersTest.java
crates/jscomp/tests/sorting_error_manager_test.rs	59c8bbdaca0b72b3	Apache-2.0	closure:test/com/google/javascript/jscomp/SortingErrorManagerTest.java; closure:src/com/google/javascript/jscomp/JSError.java
crates/jscomp/tests/source_file_io_test.rs	d5db9e1b54c76f2e	Apache-2.0	closure:src/com/google/javascript/jscomp/SourceFile.java; closure:src/com/google/javascript/jscomp/JSCompZipFileCache.java
crates/jscomp/tests/source_file_test.rs	cf63ad4bb12a6810	Apache-2.0	closure:test/com/google/javascript/jscomp/SourceFileTest.java
crates/jscomp/tests/source_information_annotator_test.rs	6e30661d1f47f280	Apache-2.0	closure:test/com/google/javascript/jscomp/SourceInformationAnnotatorTest.java
crates/jscomp/tests/source_map_generator_v3_test.rs	413efc5832aa5281	Apache-2.0	closure:test/com/google/debugging/sourcemap/SourceMapGeneratorV3Test.java
crates/jscomp/tests/source_map_js_lang_test.rs	75c6bd7226fe0c66	Apache-2.0	closure:test/com/google/javascript/jscomp/SourceMapJsLangTest.java
crates/jscomp/tests/source_map_resolver_test.rs	9dacf6cbab6e4996	Apache-2.0	closure:test/com/google/javascript/jscomp/SourceMapResolverTest.java
crates/jscomp/tests/source_map_test.rs	ea6217a5bd803ee0	Apache-2.0	closure:test/com/google/javascript/jscomp/SourceMapTest.java
crates/jscomp/tests/standard_union_find_test.rs	2ca6b0abfc627dad	Apache-2.0	closure:test/com/google/javascript/jscomp/graph/StandardUnionFindTest.java
crates/jscomp/tests/statement_fusion_test.rs	5c50a6653562eaed	Apache-2.0	closure:test/com/google/javascript/jscomp/StatementFusionTest.java; closure:test/com/google/javascript/jscomp/CompilerTestCase.java
crates/jscomp/tests/string_pool_test.rs	582eaf3fe43b355d	Apache-2.0	closure:test/com/google/javascript/jscomp/serialization/StringPoolTest.java
crates/jscomp/tests/strip_code_test.rs	bc939a80b2ea51ed	Apache-2.0	closure:test/com/google/javascript/jscomp/StripCodeTest.java; closure:test/com/google/javascript/jscomp/CompilerTestCase.java
crates/jscomp/tests/support/code_printer_test_base.rs	2bb3f22bce6de819	Apache-2.0	closure:test/com/google/javascript/jscomp/CodePrinterTestBase.java; closure:test/com/google/javascript/jscomp/CodePrinterTest.java
crates/jscomp/tests/support/d2_replay.rs	1805ee803f7c1441	Apache-2.0	closure:src/com/google/javascript/jscomp/Compiler.java
crates/jscomp/tests/support/mod.rs	7da16f91059d0e13	Apache-2.0	own:UnitRecorder.java (oracle/patches/0002-recording-hooks.patch)
crates/jscomp/tests/support/namegen_compare.rs	322fc2ba37b98b96	Apache-2.0	-
crates/jscomp/tests/support/pass_test_case.rs	3b73e653fe4ebb80	Apache-2.0	closure:test/com/google/javascript/jscomp/CompilerTestCase.java
crates/jscomp/tests/support/printer_dump.rs	322fc2ba37b98b96	Apache-2.0	-
crates/jscomp/tests/support/printer_jsdoc.rs	322fc2ba37b98b96	Apache-2.0	-
crates/jscomp/tests/support/reaching_use_def_tester.rs	3347ddadb09a2f6a	Apache-2.0	closure:test/com/google/javascript/jscomp/ReachingUseDefTester.java
crates/jscomp/tests/support/source_map_test_case.rs	559fa035b73d2281	Apache-2.0	closure:test/com/google/debugging/sourcemap/SourceMapTestCase.java
crates/jscomp/tests/support/whitespace_compiler.rs	2b1f60a2d72bebb3	Apache-2.0	closure:src/com/google/javascript/jscomp/CommandLineRunner.java
crates/jscomp/tests/surrogate_excerpt_test.rs	0a2211e03c6c432b	Apache-2.0	own:crates/jscomp/tests/java/SurrogateExcerpt.java
crates/jscomp/tests/syntactic_scope_creator_test.rs	7b6828d6657fb388	Apache-2.0	closure:test/com/google/javascript/jscomp/SyntacticScopeCreatorTest.java; closure:src/com/google/javascript/jscomp/testing/ScopeSubject.java
crates/jscomp/tests/template_ast_matcher_test.rs	20e307a370322688	Apache-2.0	closure:test/com/google/javascript/jscomp/TemplateAstMatcherTest.java
crates/jscomp/tests/text_format_test.rs	322fc2ba37b98b96	Apache-2.0	-
crates/jscomp/tests/tracer_test.rs	322fc2ba37b98b96	Apache-2.0	-
crates/jscomp/tests/type_check_templatized_test.rs	239b8255470a7c67	Apache-2.0	closure:test/com/google/javascript/jscomp/TypeCheckTemplatizedTest.java
crates/jscomp/tests/type_check_test.rs	46e6640d97251b58	Apache-2.0	closure:test/com/google/javascript/jscomp/TypeCheckTestCase.java; closure:test/com/google/javascript/jscomp/CompilerTypeTestCase.java; closure:test/com/google/javascript/jscomp/TypeCheckTest.java
crates/jscomp/tests/type_check_typed_percent_test.rs	61b50e9af3171f18	Apache-2.0	closure:test/com/google/javascript/jscomp/TypeCheckTypedPercentTest.java
crates/jscomp/tests/type_inference_test.rs	cda4cb008a03bac7	Apache-2.0	closure:test/com/google/javascript/jscomp/TypeInferenceTest.java
crates/jscomp/tests/type_matching_strategy_test.rs	f84c1069a2b531ff	Apache-2.0	closure:test/com/google/javascript/jscomp/TypeMatchingStrategyTest.java
crates/jscomp/tests/type_transformation_test.rs	aa71feb34aff2eaa	Apache-2.0	closure:test/com/google/javascript/jscomp/TypeTransformationTest.java; closure:test/com/google/javascript/jscomp/CompilerTypeTestCase.java
crates/jscomp/tests/typed_ast_proto_test.rs	322fc2ba37b98b96	Apache-2.0	-
crates/jscomp/tests/unique_id_supplier_test.rs	b2b1e44193158be9	Apache-2.0	closure:test/com/google/javascript/jscomp/UniqueIdSupplierTest.java
crates/jscomp/tests/variable_map_test.rs	a8c9d771fe58bc50	Apache-2.0	closure:test/com/google/javascript/jscomp/VariableMapTest.java
crates/jscomp/tests/warnings_guard_test.rs	3a66821c6d4e0cd7	Apache-2.0	closure:test/com/google/javascript/jscomp/WarningsGuardTest.java
crates/jscomp/tests/whitespace_wrap_goog_modules_test.rs	ee4cc2f5c477d492	Apache-2.0	closure:test/com/google/javascript/jscomp/WhitespaceWrapGoogModulesTest.java
crates/jscomp/tests/wtf8_test.rs	5986a1411f914493	Apache-2.0	closure:test/com/google/javascript/jscomp/serialization/Wtf8Test.java
crates/jscomp/tests/xid_test.rs	3784432f09ca3390	Apache-2.0	closure:test/com/google/javascript/jscomp/XidTest.java
crates/jscomp/tests/xtb_message_bundle_java_parity_test.rs	322fc2ba37b98b96	Apache-2.0	-
crates/jscomp/tests/xtb_message_bundle_test.rs	cd0b12034fe4f7b0	Apache-2.0	closure:test/com/google/javascript/jscomp/XtbMessageBundleTest.java
crates/jstype/src/all_type.rs	2e9bdadae32b4afc	(MPL-1.1 OR GPL-2.0-or-later)	closure:src/com/google/javascript/rhino/jstype/AllType.java
crates/jstype/src/arrow_type.rs	52ab6c76071f6b6c	(MPL-1.1 OR GPL-2.0-or-later)	closure:src/com/google/javascript/rhino/jstype/ArrowType.java
crates/jstype/src/big_int_type.rs	7f288c906eaae043	(MPL-1.1 OR GPL-2.0-or-later)	closure:src/com/google/javascript/rhino/jstype/BigIntType.java
crates/jstype/src/boolean_literal_set.rs	be3ffb1caffcff83	(MPL-1.1 OR GPL-2.0-or-later)	closure:src/com/google/javascript/rhino/jstype/BooleanLiteralSet.java
crates/jstype/src/boolean_type.rs	888b5db632527423	(MPL-1.1 OR GPL-2.0-or-later)	closure:src/com/google/javascript/rhino/jstype/BooleanType.java
crates/jstype/src/can_cast_to_visitor.rs	4dfcf1adeb5cc945	(MPL-1.1 OR GPL-2.0-or-later)	closure:src/com/google/javascript/rhino/jstype/CanCastToVisitor.java
crates/jstype/src/contains_upper_bound_super_type_visitor.rs	6eaa53f1e3e2cf3a	(MPL-1.1 OR GPL-2.0-or-later)	closure:src/com/google/javascript/rhino/jstype/ContainsUpperBoundSuperTypeVisitor.java
crates/jstype/src/enum_element_type.rs	3cb3206fbd5b0138	(MPL-1.1 OR GPL-2.0-or-later)	closure:src/com/google/javascript/rhino/jstype/EnumElementType.java
crates/jstype/src/enum_type.rs	9c62ae9f417e9fa7	(MPL-1.1 OR GPL-2.0-or-later)	closure:src/com/google/javascript/rhino/jstype/EnumType.java
crates/jstype/src/equality_checker.rs	cb84dd6e991ee919	(MPL-1.1 OR GPL-2.0-or-later)	closure:src/com/google/javascript/rhino/jstype/EqualityChecker.java
crates/jstype/src/equivalence_method.rs	faa12fc3ede0edd9	(MPL-1.1 OR GPL-2.0-or-later)	closure:src/com/google/javascript/rhino/jstype/EquivalenceMethod.java
crates/jstype/src/function_param_builder.rs	c1c5038309836448	(MPL-1.1 OR GPL-2.0-or-later)	closure:src/com/google/javascript/rhino/jstype/FunctionParamBuilder.java
crates/jstype/src/function_type.rs	f9ddfb32bed3ef56	(MPL-1.1 OR GPL-2.0-or-later)	closure:src/com/google/javascript/rhino/jstype/FunctionType.java
crates/jstype/src/instance_object_type.rs	41a4ee19aee02a02	(MPL-1.1 OR GPL-2.0-or-later)	closure:src/com/google/javascript/rhino/jstype/InstanceObjectType.java
crates/jstype/src/js_type.rs	85fcbfba671703b8	(MPL-1.1 OR GPL-2.0-or-later)	closure:src/com/google/javascript/rhino/jstype/JSType.java; closure:test/com/google/javascript/rhino/jstype/UnitTestingJSType.java
crates/jstype/src/js_type_class.rs	9b0014c7e06de0c6	(MPL-1.1 OR GPL-2.0-or-later)	closure:src/com/google/javascript/rhino/jstype/JSTypeClass.java
crates/jstype/src/js_type_iterations.rs	f978f801499196a4	(MPL-1.1 OR GPL-2.0-or-later)	closure:src/com/google/javascript/rhino/jstype/JSTypeIterations.java
crates/jstype/src/js_type_native.rs	ceed0708cf5b9b29	(MPL-1.1 OR GPL-2.0-or-later)	closure:src/com/google/javascript/rhino/jstype/JSTypeNative.java
crates/jstype/src/js_type_registry.rs	648bafb4d14974ac	(MPL-1.1 OR GPL-2.0-or-later)	closure:src/com/google/javascript/rhino/jstype/JSTypeRegistry.java
crates/jstype/src/js_type_resolver.rs	7c1ebb7a03454198	(MPL-1.1 OR GPL-2.0-or-later)	closure:src/com/google/javascript/rhino/jstype/JSTypeResolver.java
crates/jstype/src/known_symbol_type.rs	bac782548177873c	(MPL-1.1 OR GPL-2.0-or-later)	closure:src/com/google/javascript/rhino/jstype/KnownSymbolType.java
crates/jstype/src/lib.rs	322fc2ba37b98b96	Apache-2.0	-
crates/jstype/src/named_type.rs	03729900fc59f1b0	(MPL-1.1 OR GPL-2.0-or-later)	closure:src/com/google/javascript/rhino/jstype/NamedType.java
crates/jstype/src/no_object_type.rs	9e7db2ba3e5b50a1	(MPL-1.1 OR GPL-2.0-or-later)	closure:src/com/google/javascript/rhino/jstype/NoObjectType.java
crates/jstype/src/no_resolved_type.rs	962ad09ce4026d6b	(MPL-1.1 OR GPL-2.0-or-later)	closure:src/com/google/javascript/rhino/jstype/NoResolvedType.java
crates/jstype/src/no_type.rs	60e5866957dad2a4	(MPL-1.1 OR GPL-2.0-or-later)	closure:src/com/google/javascript/rhino/jstype/NoType.java
crates/jstype/src/null_type.rs	ee5a7577194460c7	(MPL-1.1 OR GPL-2.0-or-later)	closure:src/com/google/javascript/rhino/jstype/NullType.java
crates/jstype/src/number_type.rs	1a3a5f77fd2178e5	(MPL-1.1 OR GPL-2.0-or-later)	closure:src/com/google/javascript/rhino/jstype/NumberType.java
crates/jstype/src/object_type.rs	045b8d79225fc5c6	(MPL-1.1 OR GPL-2.0-or-later)	closure:src/com/google/javascript/rhino/jstype/ObjectType.java
crates/jstype/src/property.rs	f390c8c18fcb6023	(MPL-1.1 OR GPL-2.0-or-later)	closure:src/com/google/javascript/rhino/jstype/Property.java
crates/jstype/src/property_map.rs	c8e78088dda10e15	(MPL-1.1 OR GPL-2.0-or-later)	closure:src/com/google/javascript/rhino/jstype/PropertyMap.java
crates/jstype/src/prototype_object_type.rs	a271df084afd1826	(MPL-1.1 OR GPL-2.0-or-later)	closure:src/com/google/javascript/rhino/jstype/PrototypeObjectType.java
crates/jstype/src/proxy_object_type.rs	878c32db3bdc9266	(MPL-1.1 OR GPL-2.0-or-later)	closure:src/com/google/javascript/rhino/jstype/ProxyObjectType.java
crates/jstype/src/record_type.rs	0463d54f24544ce9	(MPL-1.1 OR GPL-2.0-or-later)	closure:src/com/google/javascript/rhino/jstype/RecordType.java
crates/jstype/src/record_type_builder.rs	182fce9e0578e5b7	(MPL-1.1 OR GPL-2.0-or-later)	closure:src/com/google/javascript/rhino/jstype/RecordTypeBuilder.java
crates/jstype/src/relationship_visitor.rs	d565ad6c880c2ad6	(MPL-1.1 OR GPL-2.0-or-later)	closure:src/com/google/javascript/rhino/jstype/RelationshipVisitor.java
crates/jstype/src/rhino/js_type_expression.rs	7f18b88eba71c411	(MPL-1.1 OR GPL-2.0-or-later)	closure:src/com/google/javascript/rhino/JSTypeExpression.java
crates/jstype/src/rhino/mod.rs	322fc2ba37b98b96	Apache-2.0	-
crates/jstype/src/rhino/nominal_type_builder.rs	91dbfe99b7c19ba9	(MPL-1.1 OR GPL-2.0-or-later)	closure:src/com/google/javascript/rhino/NominalTypeBuilder.java
crates/jstype/src/simple_reference.rs	4ed3f4dbf407450a	(MPL-1.1 OR GPL-2.0-or-later)	closure:src/com/google/javascript/rhino/jstype/SimpleReference.java
crates/jstype/src/simple_slot.rs	0a919b901f37106f	(MPL-1.1 OR GPL-2.0-or-later)	closure:src/com/google/javascript/rhino/jstype/SimpleSlot.java
crates/jstype/src/static_typed_ref.rs	af1b85d855d3095d	(MPL-1.1 OR GPL-2.0-or-later)	closure:src/com/google/javascript/rhino/jstype/StaticTypedRef.java
crates/jstype/src/static_typed_scope.rs	c346dbf927fc3266	(MPL-1.1 OR GPL-2.0-or-later)	closure:src/com/google/javascript/rhino/jstype/StaticTypedScope.java; closure:src/com/google/javascript/rhino/StaticScope.java
crates/jstype/src/static_typed_slot.rs	2f7ec3a89c9a96ad	(MPL-1.1 OR GPL-2.0-or-later)	closure:src/com/google/javascript/rhino/jstype/StaticTypedSlot.java
crates/jstype/src/string_type.rs	2eaeacecc212a580	(MPL-1.1 OR GPL-2.0-or-later)	closure:src/com/google/javascript/rhino/jstype/StringType.java
crates/jstype/src/subtype_checker.rs	abd330b42725ae6b	(MPL-1.1 OR GPL-2.0-or-later)	closure:src/com/google/javascript/rhino/jstype/SubtypeChecker.java
crates/jstype/src/symbol_type.rs	4029f4f0f309bcb7	(MPL-1.1 OR GPL-2.0-or-later)	closure:src/com/google/javascript/rhino/jstype/SymbolType.java
crates/jstype/src/template_type.rs	f547a395d366e340	(MPL-1.1 OR GPL-2.0-or-later)	closure:src/com/google/javascript/rhino/jstype/TemplateType.java
crates/jstype/src/template_type_map.rs	cb4e52ebd716ccce	(MPL-1.1 OR GPL-2.0-or-later)	closure:src/com/google/javascript/rhino/jstype/TemplateTypeMap.java
crates/jstype/src/template_type_replacer.rs	856b3aade73e2d4b	(MPL-1.1 OR GPL-2.0-or-later)	closure:src/com/google/javascript/rhino/jstype/TemplateTypeReplacer.java
crates/jstype/src/templatized_type.rs	3514d5252d3ba43b	(MPL-1.1 OR GPL-2.0-or-later)	closure:src/com/google/javascript/rhino/jstype/TemplatizedType.java
crates/jstype/src/testing/abstract_static_scope.rs	64a6fa3b83037dd9	(MPL-1.1 OR GPL-2.0-or-later)	closure:src/com/google/javascript/rhino/testing/AbstractStaticScope.java
crates/jstype/src/testing/asserts.rs	7f8b33983794cacd	(MPL-1.1 OR GPL-2.0-or-later)	closure:src/com/google/javascript/rhino/testing/Asserts.java
crates/jstype/src/testing/base_js_type_test_case.rs	1cc593ccef63ed63	(MPL-1.1 OR GPL-2.0-or-later)	closure:src/com/google/javascript/rhino/testing/BaseJSTypeTestCase.java
crates/jstype/src/testing/map_based_scope.rs	06a0b53f325c3bab	(MPL-1.1 OR GPL-2.0-or-later)	closure:src/com/google/javascript/rhino/testing/MapBasedScope.java
crates/jstype/src/testing/mod.rs	322fc2ba37b98b96	Apache-2.0	-
crates/jstype/src/testing/template_type_map_subject.rs	4bd755b0e8909472	(MPL-1.1 OR GPL-2.0-or-later)	closure:src/com/google/javascript/rhino/testing/TemplateTypeMapSubject.java
crates/jstype/src/testing/type_subject.rs	ce593e5b42dfac00	(MPL-1.1 OR GPL-2.0-or-later)	closure:src/com/google/javascript/rhino/testing/TypeSubject.java
crates/jstype/src/type_string_builder.rs	01184f4e6a2a8786	(MPL-1.1 OR GPL-2.0-or-later)	closure:src/com/google/javascript/rhino/jstype/TypeStringBuilder.java
crates/jstype/src/union_type.rs	8aa5858a73bfc305	(MPL-1.1 OR GPL-2.0-or-later)	closure:src/com/google/javascript/rhino/jstype/UnionType.java
crates/jstype/src/unknown_type.rs	e719039dfe5a8305	(MPL-1.1 OR GPL-2.0-or-later)	closure:src/com/google/javascript/rhino/jstype/UnknownType.java
crates/jstype/src/value_type.rs	2b54b8e06859b7df	(MPL-1.1 OR GPL-2.0-or-later)	closure:src/com/google/javascript/rhino/jstype/ValueType.java
crates/jstype/src/visitor.rs	af779cade7e6f764	(MPL-1.1 OR GPL-2.0-or-later)	closure:src/com/google/javascript/rhino/jstype/Visitor.java
crates/jstype/src/void_type.rs	342744a257f9750f	(MPL-1.1 OR GPL-2.0-or-later)	closure:src/com/google/javascript/rhino/jstype/VoidType.java
crates/jstype/tests/big_int_type_test.rs	61acde4603a9fea3	(MPL-1.1 OR GPL-2.0-or-later)	closure:test/com/google/javascript/rhino/jstype/BigIntTypeTest.java
crates/jstype/tests/boolean_literal_set_test.rs	8a2a48f9c0f429ff	(MPL-1.1 OR GPL-2.0-or-later)	closure:test/com/google/javascript/rhino/jstype/BooleanLiteralSetTest.java
crates/jstype/tests/enum_element_type_test.rs	4c48d914a90276c0	(MPL-1.1 OR GPL-2.0-or-later)	closure:test/com/google/javascript/rhino/jstype/EnumElementTypeTest.java
crates/jstype/tests/enum_type_builder_test.rs	9c62ae9f417e9fa7	(MPL-1.1 OR GPL-2.0-or-later)	closure:src/com/google/javascript/rhino/jstype/EnumType.java
crates/jstype/tests/extra_js_type_test.rs	322fc2ba37b98b96	Apache-2.0	-
crates/jstype/tests/extra_object_type_test.rs	322fc2ba37b98b96	Apache-2.0	-
crates/jstype/tests/extra_type_printing_test.rs	322fc2ba37b98b96	Apache-2.0	-
crates/jstype/tests/function_param_builder_test.rs	b7225b404ef75aab	(MPL-1.1 OR GPL-2.0-or-later)	closure:test/com/google/javascript/rhino/jstype/FunctionParamBuilderTest.java
crates/jstype/tests/function_type_test.rs	bc4dda7dbf4ecb39	(MPL-1.1 OR GPL-2.0-or-later)	closure:test/com/google/javascript/rhino/jstype/FunctionTypeTest.java
crates/jstype/tests/js_doc_info_test.rs	d8d4cceef3ccdaf0	(MPL-1.1 OR GPL-2.0-or-later)	closure:test/com/google/javascript/rhino/JSDocInfoTest.java
crates/jstype/tests/js_type_registry_test.rs	9ec8875958401ab8	(MPL-1.1 OR GPL-2.0-or-later)	closure:test/com/google/javascript/rhino/jstype/JSTypeRegistryTest.java
crates/jstype/tests/js_type_resolver_test.rs	8dfd80a25f37172b	(MPL-1.1 OR GPL-2.0-or-later)	closure:test/com/google/javascript/rhino/jstype/JSTypeResolverTest.java
crates/jstype/tests/js_type_test.rs	68696bf56e029245	(MPL-1.1 OR GPL-2.0-or-later)	closure:test/com/google/javascript/rhino/jstype/JSTypeTest.java
crates/jstype/tests/named_type_test.rs	770d54a6632edbd0	(MPL-1.1 OR GPL-2.0-or-later)	closure:test/com/google/javascript/rhino/jstype/NamedTypeTest.java
crates/jstype/tests/node_test.rs	e100aea0630b2baa	(MPL-1.1 OR GPL-2.0-or-later)	closure:test/com/google/javascript/rhino/NodeTest.java
crates/jstype/tests/property_map_test.rs	573da9548bea6641	(MPL-1.1 OR GPL-2.0-or-later)	closure:test/com/google/javascript/rhino/jstype/PropertyMapTest.java
crates/jstype/tests/prototype_object_type_test.rs	863d9628403b4eb6	(MPL-1.1 OR GPL-2.0-or-later)	closure:test/com/google/javascript/rhino/jstype/PrototypeObjectTypeTest.java
crates/jstype/tests/record_type_test.rs	6b9a3f73744ddc58	(MPL-1.1 OR GPL-2.0-or-later)	closure:test/com/google/javascript/rhino/jstype/RecordTypeTest.java
crates/jstype/tests/symbol_type_test.rs	20cd103d30bde30f	(MPL-1.1 OR GPL-2.0-or-later)	closure:test/com/google/javascript/rhino/jstype/SymbolTypeTest.java
crates/jstype/tests/template_type_map_test.rs	576857c4544ef9ac	(MPL-1.1 OR GPL-2.0-or-later)	closure:test/com/google/javascript/rhino/jstype/TemplateTypeMapTest.java
crates/jstype/tests/template_type_test.rs	74c479726acf5004	(MPL-1.1 OR GPL-2.0-or-later)	closure:test/com/google/javascript/rhino/jstype/TemplateTypeTest.java
crates/jstype/tests/templatized_type_test.rs	f2deb8dbd23440ab	(MPL-1.1 OR GPL-2.0-or-later)	closure:test/com/google/javascript/rhino/jstype/TemplatizedTypeTest.java
crates/jstype/tests/union_type_builder_test.rs	6f173e22f62d91af	(MPL-1.1 OR GPL-2.0-or-later)	closure:test/com/google/javascript/rhino/jstype/UnionTypeBuilderTest.java
crates/jstype/tests/union_type_test.rs	fea977e562a4aa7f	(MPL-1.1 OR GPL-2.0-or-later)	closure:test/com/google/javascript/rhino/jstype/UnionTypeTest.java
crates/parsing/src/annotation.rs	6ead54af3c93f61c	Apache-2.0	closure:src/com/google/javascript/jscomp/parsing/Annotation.java
crates/parsing/src/bin/parse_dump.rs	5f78e8f307748f85	Apache-2.0	own:oracle/src/com/google/javascript/jscomp/ParseDump.java; closure:src/com/google/javascript/jscomp/CompilerInput.java; own:oracle/src/com/google/javascript/jscomp/OracleWorker.java
crates/parsing/src/bin/parse_dump/dump.rs	82130bc9d7da12ab	Apache-2.0	own:oracle/src/com/google/javascript/jscomp/ParseDump.java
crates/parsing/src/bin/parse_dump/jsdoc_getters.rs	82130bc9d7da12ab	Apache-2.0	own:oracle/src/com/google/javascript/jscomp/ParseDump.java
crates/parsing/src/bin/parse_dump/options.rs	063d8569ec7f7f30	Apache-2.0	closure:src/com/google/javascript/jscomp/CommandLineRunner.java; closure:src/com/google/javascript/jscomp/CompilerOptions.java; closure:src/com/google/javascript/jscomp/Compiler.java; closure:src/com/google/javascript/jscomp/parsing/Config.java; closure:src/com/google/javascript/jscomp/AbstractCommandLineRunner.java
crates/parsing/src/bin/parse_dump/source_file.rs	c1789167658fd139	Apache-2.0	closure:src/com/google/javascript/jscomp/parsing/parser/SourceFile.java
crates/parsing/src/config.rs	7e6396bfd1ac3e9e	Apache-2.0	closure:src/com/google/javascript/jscomp/parsing/Config.java
crates/parsing/src/feature_collector.rs	2e477f5725b83746	Apache-2.0	closure:src/com/google/javascript/jscomp/parsing/FeatureCollector.java
crates/parsing/src/ir_factory.rs	d5404402670f04f0	Apache-2.0	closure:src/com/google/javascript/jscomp/parsing/IRFactory.java
crates/parsing/src/js_doc_info_parser.rs	19f33ff9bb1f8bb0	Apache-2.0	closure:src/com/google/javascript/jscomp/parsing/JsDocInfoParser.java
crates/parsing/src/js_doc_token.rs	03b36faf088166b8	Apache-2.0	closure:src/com/google/javascript/jscomp/parsing/JsDocToken.java
crates/parsing/src/js_doc_token_stream.rs	bccf594726cbe611	Apache-2.0	closure:src/com/google/javascript/jscomp/parsing/JsDocTokenStream.java
crates/parsing/src/lib.rs	322fc2ba37b98b96	Apache-2.0	-
crates/parsing/src/parser/class_or_object_element_info.rs	293099711cd741f5	Apache-2.0	closure:src/com/google/javascript/jscomp/parsing/parser/ClassOrObjectElementInfo.java
crates/parsing/src/parser/feature_set.rs	d0d30f7daebb1646	Apache-2.0	closure:src/com/google/javascript/jscomp/parsing/parser/FeatureSet.java
crates/parsing/src/parser/feature_set/tests.rs	a3489a0a9971b6fb	Apache-2.0	closure:test/com/google/javascript/jscomp/parsing/parser/FeatureSetTest.java
crates/parsing/src/parser/identifier_token.rs	445df958a8e1344e	Apache-2.0	closure:src/com/google/javascript/jscomp/parsing/parser/IdentifierToken.java
crates/parsing/src/parser/identifiers.rs	242967996a410a8c	Apache-2.0	closure:src/com/google/javascript/jscomp/parsing/parser/Identifiers.java
crates/parsing/src/parser/keywords.rs	edf2fd7765104ac1	Apache-2.0	closure:src/com/google/javascript/jscomp/parsing/parser/Keywords.java
crates/parsing/src/parser/line_number_scanner.rs	d82f755668bd7db0	Apache-2.0	closure:src/com/google/javascript/jscomp/parsing/parser/LineNumberScanner.java
crates/parsing/src/parser/literal_token.rs	a9a02fcd55dd5412	Apache-2.0	closure:src/com/google/javascript/jscomp/parsing/parser/LiteralToken.java
crates/parsing/src/parser/mod.rs	322fc2ba37b98b96	Apache-2.0	-
crates/parsing/src/parser/parser.rs	a0ec8582fad9e24e	Apache-2.0	closure:src/com/google/javascript/jscomp/parsing/parser/Parser.java
crates/parsing/src/parser/predefined_name.rs	821fd82bea67c26a	Apache-2.0	closure:src/com/google/javascript/jscomp/parsing/parser/PredefinedName.java
crates/parsing/src/parser/scanner.rs	ac5c191c65a10830	Apache-2.0	closure:src/com/google/javascript/jscomp/parsing/parser/Scanner.java
crates/parsing/src/parser/string_literal_token.rs	b3382947be24aad9	Apache-2.0	closure:src/com/google/javascript/jscomp/parsing/parser/StringLiteralToken.java
crates/parsing/src/parser/template_literal_token.rs	050df5a0a37eb286	Apache-2.0	closure:src/com/google/javascript/jscomp/parsing/parser/TemplateLiteralToken.java
crates/parsing/src/parser/testing/feature_set_subject.rs	75619f27ae722cfb	Apache-2.0	closure:src/com/google/javascript/jscomp/parsing/parser/testing/FeatureSetSubject.java
crates/parsing/src/parser/testing/mod.rs	322fc2ba37b98b96	Apache-2.0	-
crates/parsing/src/parser/token.rs	5060319b7b4d4c72	Apache-2.0	closure:src/com/google/javascript/jscomp/parsing/parser/Token.java
crates/parsing/src/parser/token_type.rs	ba59456a5d67a373	Apache-2.0	closure:src/com/google/javascript/jscomp/parsing/parser/TokenType.java
crates/parsing/src/parser/trees/argument_list_tree.rs	b60314e773180bb2	Apache-2.0	closure:src/com/google/javascript/jscomp/parsing/parser/trees/ArgumentListTree.java
crates/parsing/src/parser/trees/array_literal_expression_tree.rs	ee62ee4a7ccebf2d	Apache-2.0	closure:src/com/google/javascript/jscomp/parsing/parser/trees/ArrayLiteralExpressionTree.java
crates/parsing/src/parser/trees/array_pattern_tree.rs	30133754a128ab60	Apache-2.0	closure:src/com/google/javascript/jscomp/parsing/parser/trees/ArrayPatternTree.java
crates/parsing/src/parser/trees/await_expression_tree.rs	cab49a18686c11a9	Apache-2.0	closure:src/com/google/javascript/jscomp/parsing/parser/trees/AwaitExpressionTree.java
crates/parsing/src/parser/trees/binary_operator_tree.rs	707b86415bc8e7e7	Apache-2.0	closure:src/com/google/javascript/jscomp/parsing/parser/trees/BinaryOperatorTree.java
crates/parsing/src/parser/trees/block_tree.rs	27c1003a9e27be56	Apache-2.0	closure:src/com/google/javascript/jscomp/parsing/parser/trees/BlockTree.java
crates/parsing/src/parser/trees/break_statement_tree.rs	1329298e748ce001	Apache-2.0	closure:src/com/google/javascript/jscomp/parsing/parser/trees/BreakStatementTree.java
crates/parsing/src/parser/trees/call_expression_tree.rs	fa4078c4a609d59d	Apache-2.0	closure:src/com/google/javascript/jscomp/parsing/parser/trees/CallExpressionTree.java
crates/parsing/src/parser/trees/case_clause_tree.rs	f01808118632a359	Apache-2.0	closure:src/com/google/javascript/jscomp/parsing/parser/trees/CaseClauseTree.java
crates/parsing/src/parser/trees/catch_tree.rs	63853c0796c3bf29	Apache-2.0	closure:src/com/google/javascript/jscomp/parsing/parser/trees/CatchTree.java
crates/parsing/src/parser/trees/class_declaration_tree.rs	5206d326e11bb64a	Apache-2.0	closure:src/com/google/javascript/jscomp/parsing/parser/trees/ClassDeclarationTree.java
crates/parsing/src/parser/trees/comma_expression_tree.rs	d29aef5b8b1a3dfe	Apache-2.0	closure:src/com/google/javascript/jscomp/parsing/parser/trees/CommaExpressionTree.java
crates/parsing/src/parser/trees/comment.rs	0072d9dfd6ad491a	Apache-2.0	closure:src/com/google/javascript/jscomp/parsing/parser/trees/Comment.java
crates/parsing/src/parser/trees/comprehension_for_tree.rs	02cd7abcf8c6967e	Apache-2.0	closure:src/com/google/javascript/jscomp/parsing/parser/trees/ComprehensionForTree.java
crates/parsing/src/parser/trees/comprehension_if_tree.rs	2265b769da88bc82	Apache-2.0	closure:src/com/google/javascript/jscomp/parsing/parser/trees/ComprehensionIfTree.java
crates/parsing/src/parser/trees/comprehension_tree.rs	25c124154f8673ff	Apache-2.0	closure:src/com/google/javascript/jscomp/parsing/parser/trees/ComprehensionTree.java
crates/parsing/src/parser/trees/computed_property_definition_tree.rs	5cb7ab38666e20a4	Apache-2.0	closure:src/com/google/javascript/jscomp/parsing/parser/trees/ComputedPropertyDefinitionTree.java
crates/parsing/src/parser/trees/computed_property_field_tree.rs	b14c9695175e3fbd	Apache-2.0	closure:src/com/google/javascript/jscomp/parsing/parser/trees/ComputedPropertyFieldTree.java
crates/parsing/src/parser/trees/computed_property_getter_tree.rs	26d9d451b92cc3b6	Apache-2.0	closure:src/com/google/javascript/jscomp/parsing/parser/trees/ComputedPropertyGetterTree.java
crates/parsing/src/parser/trees/computed_property_method_tree.rs	81a0875d1e41db59	Apache-2.0	closure:src/com/google/javascript/jscomp/parsing/parser/trees/ComputedPropertyMethodTree.java
crates/parsing/src/parser/trees/computed_property_setter_tree.rs	e853508c80bf00d2	Apache-2.0	closure:src/com/google/javascript/jscomp/parsing/parser/trees/ComputedPropertySetterTree.java
crates/parsing/src/parser/trees/conditional_expression_tree.rs	4bfcad4dee8a528e	Apache-2.0	closure:src/com/google/javascript/jscomp/parsing/parser/trees/ConditionalExpressionTree.java
crates/parsing/src/parser/trees/continue_statement_tree.rs	312178404b22e754	Apache-2.0	closure:src/com/google/javascript/jscomp/parsing/parser/trees/ContinueStatementTree.java
crates/parsing/src/parser/trees/debugger_statement_tree.rs	6186acd5f936c404	Apache-2.0	closure:src/com/google/javascript/jscomp/parsing/parser/trees/DebuggerStatementTree.java
crates/parsing/src/parser/trees/default_clause_tree.rs	06deb6dc559e3cf1	Apache-2.0	closure:src/com/google/javascript/jscomp/parsing/parser/trees/DefaultClauseTree.java
crates/parsing/src/parser/trees/default_parameter_tree.rs	5ba837f73cd652b2	Apache-2.0	closure:src/com/google/javascript/jscomp/parsing/parser/trees/DefaultParameterTree.java
crates/parsing/src/parser/trees/do_while_statement_tree.rs	6171506880c26d58	Apache-2.0	closure:src/com/google/javascript/jscomp/parsing/parser/trees/DoWhileStatementTree.java
crates/parsing/src/parser/trees/dynamic_import_tree.rs	42b7cde60ea788fb	Apache-2.0	closure:src/com/google/javascript/jscomp/parsing/parser/trees/DynamicImportTree.java
crates/parsing/src/parser/trees/empty_statement_tree.rs	b825379378b58d0d	Apache-2.0	closure:src/com/google/javascript/jscomp/parsing/parser/trees/EmptyStatementTree.java
crates/parsing/src/parser/trees/export_declaration_tree.rs	1039f3234830540a	Apache-2.0	closure:src/com/google/javascript/jscomp/parsing/parser/trees/ExportDeclarationTree.java
crates/parsing/src/parser/trees/export_specifier_tree.rs	facd078aa4cca890	Apache-2.0	closure:src/com/google/javascript/jscomp/parsing/parser/trees/ExportSpecifierTree.java
crates/parsing/src/parser/trees/expression_statement_tree.rs	94680205d23bad1a	Apache-2.0	closure:src/com/google/javascript/jscomp/parsing/parser/trees/ExpressionStatementTree.java
crates/parsing/src/parser/trees/field_declaration_tree.rs	c9ad8ba0ddc14704	Apache-2.0	closure:src/com/google/javascript/jscomp/parsing/parser/trees/FieldDeclarationTree.java
crates/parsing/src/parser/trees/finally_tree.rs	717dc2b4b2e1f18b	Apache-2.0	closure:src/com/google/javascript/jscomp/parsing/parser/trees/FinallyTree.java
crates/parsing/src/parser/trees/for_await_of_statement_tree.rs	7b709800efffa0bd	Apache-2.0	closure:src/com/google/javascript/jscomp/parsing/parser/trees/ForAwaitOfStatementTree.java
crates/parsing/src/parser/trees/for_in_statement_tree.rs	b37ff10da3df0e9d	Apache-2.0	closure:src/com/google/javascript/jscomp/parsing/parser/trees/ForInStatementTree.java
crates/parsing/src/parser/trees/for_of_statement_tree.rs	3d5703a739609913	Apache-2.0	closure:src/com/google/javascript/jscomp/parsing/parser/trees/ForOfStatementTree.java
crates/parsing/src/parser/trees/for_statement_tree.rs	987f1797b413fb5e	Apache-2.0	closure:src/com/google/javascript/jscomp/parsing/parser/trees/ForStatementTree.java
crates/parsing/src/parser/trees/formal_parameter_list_tree.rs	bed653a62f54c1d9	Apache-2.0	closure:src/com/google/javascript/jscomp/parsing/parser/trees/FormalParameterListTree.java
crates/parsing/src/parser/trees/function_declaration_tree.rs	4f8a3ad48656d458	Apache-2.0	closure:src/com/google/javascript/jscomp/parsing/parser/trees/FunctionDeclarationTree.java
crates/parsing/src/parser/trees/get_accessor_tree.rs	1e5b6b751fffa624	Apache-2.0	closure:src/com/google/javascript/jscomp/parsing/parser/trees/GetAccessorTree.java
crates/parsing/src/parser/trees/identifier_expression_tree.rs	e7607fdbd44a2ce6	Apache-2.0	closure:src/com/google/javascript/jscomp/parsing/parser/trees/IdentifierExpressionTree.java
crates/parsing/src/parser/trees/if_statement_tree.rs	7d36ac61bbe36a7b	Apache-2.0	closure:src/com/google/javascript/jscomp/parsing/parser/trees/IfStatementTree.java
crates/parsing/src/parser/trees/import_declaration_tree.rs	3ebe4c6c1369dd63	Apache-2.0	closure:src/com/google/javascript/jscomp/parsing/parser/trees/ImportDeclarationTree.java
crates/parsing/src/parser/trees/import_meta_expression_tree.rs	e321b71a4e6dae29	Apache-2.0	closure:src/com/google/javascript/jscomp/parsing/parser/trees/ImportMetaExpressionTree.java
crates/parsing/src/parser/trees/import_specifier_tree.rs	eac670b4d2f25ae6	Apache-2.0	closure:src/com/google/javascript/jscomp/parsing/parser/trees/ImportSpecifierTree.java
crates/parsing/src/parser/trees/iter_rest_tree.rs	bc820402a65a77fe	Apache-2.0	closure:src/com/google/javascript/jscomp/parsing/parser/trees/IterRestTree.java
crates/parsing/src/parser/trees/iter_spread_tree.rs	9557990566a9e226	Apache-2.0	closure:src/com/google/javascript/jscomp/parsing/parser/trees/IterSpreadTree.java
crates/parsing/src/parser/trees/labelled_statement_tree.rs	270373a1bbf7c788	Apache-2.0	closure:src/com/google/javascript/jscomp/parsing/parser/trees/LabelledStatementTree.java
crates/parsing/src/parser/trees/literal_expression_tree.rs	5abdcf13baacf2ea	Apache-2.0	closure:src/com/google/javascript/jscomp/parsing/parser/trees/LiteralExpressionTree.java
crates/parsing/src/parser/trees/member_expression_tree.rs	78304cc8b951f89c	Apache-2.0	closure:src/com/google/javascript/jscomp/parsing/parser/trees/MemberExpressionTree.java
crates/parsing/src/parser/trees/member_lookup_expression_tree.rs	7923b42f1bd8f81d	Apache-2.0	closure:src/com/google/javascript/jscomp/parsing/parser/trees/MemberLookupExpressionTree.java
crates/parsing/src/parser/trees/missing_primary_expression_tree.rs	ad4269d439bc234a	Apache-2.0	closure:src/com/google/javascript/jscomp/parsing/parser/trees/MissingPrimaryExpressionTree.java
crates/parsing/src/parser/trees/mod.rs	322fc2ba37b98b96	Apache-2.0	-
crates/parsing/src/parser/trees/new_expression_tree.rs	1617dea488205081	Apache-2.0	closure:src/com/google/javascript/jscomp/parsing/parser/trees/NewExpressionTree.java
crates/parsing/src/parser/trees/new_target_expression_tree.rs	e4b59711d2de996f	Apache-2.0	closure:src/com/google/javascript/jscomp/parsing/parser/trees/NewTargetExpressionTree.java
crates/parsing/src/parser/trees/null_tree.rs	178d10b490117754	Apache-2.0	closure:src/com/google/javascript/jscomp/parsing/parser/trees/NullTree.java
crates/parsing/src/parser/trees/object_literal_expression_tree.rs	2cd77b7d5426b0a1	Apache-2.0	closure:src/com/google/javascript/jscomp/parsing/parser/trees/ObjectLiteralExpressionTree.java
crates/parsing/src/parser/trees/object_pattern_tree.rs	71921f19233b98c8	Apache-2.0	closure:src/com/google/javascript/jscomp/parsing/parser/trees/ObjectPatternTree.java
crates/parsing/src/parser/trees/object_rest_tree.rs	517c6c94e6f5c4b8	Apache-2.0	closure:src/com/google/javascript/jscomp/parsing/parser/trees/ObjectRestTree.java
crates/parsing/src/parser/trees/object_spread_tree.rs	06eb1af330f0ce8c	Apache-2.0	closure:src/com/google/javascript/jscomp/parsing/parser/trees/ObjectSpreadTree.java
crates/parsing/src/parser/trees/opt_chain_call_expression_tree.rs	329d83f4495f670d	Apache-2.0	closure:src/com/google/javascript/jscomp/parsing/parser/trees/OptChainCallExpressionTree.java
crates/parsing/src/parser/trees/optional_member_expression_tree.rs	614f7f127f604b22	Apache-2.0	closure:src/com/google/javascript/jscomp/parsing/parser/trees/OptionalMemberExpressionTree.java
crates/parsing/src/parser/trees/optional_member_lookup_expression_tree.rs	ed7b65add760f3db	Apache-2.0	closure:src/com/google/javascript/jscomp/parsing/parser/trees/OptionalMemberLookupExpressionTree.java
crates/parsing/src/parser/trees/paren_expression_tree.rs	9d737cd7643e488e	Apache-2.0	closure:src/com/google/javascript/jscomp/parsing/parser/trees/ParenExpressionTree.java
crates/parsing/src/parser/trees/parse_tree.rs	403eca914d1b451e	Apache-2.0	closure:src/com/google/javascript/jscomp/parsing/parser/trees/ParseTree.java
crates/parsing/src/parser/trees/parse_tree_type.rs	bf6501339b4a4073	Apache-2.0	closure:src/com/google/javascript/jscomp/parsing/parser/trees/ParseTreeType.java
crates/parsing/src/parser/trees/program_tree.rs	97dc9cec9729343a	Apache-2.0	closure:src/com/google/javascript/jscomp/parsing/parser/trees/ProgramTree.java
crates/parsing/src/parser/trees/property_name_assignment_tree.rs	8d0e2339fff0644c	Apache-2.0	closure:src/com/google/javascript/jscomp/parsing/parser/trees/PropertyNameAssignmentTree.java
crates/parsing/src/parser/trees/return_statement_tree.rs	23de40f6f1a1f69f	Apache-2.0	closure:src/com/google/javascript/jscomp/parsing/parser/trees/ReturnStatementTree.java
crates/parsing/src/parser/trees/set_accessor_tree.rs	5838790356edefa6	Apache-2.0	closure:src/com/google/javascript/jscomp/parsing/parser/trees/SetAccessorTree.java
crates/parsing/src/parser/trees/super_expression_tree.rs	ddb1fe26b226d6a4	Apache-2.0	closure:src/com/google/javascript/jscomp/parsing/parser/trees/SuperExpressionTree.java
crates/parsing/src/parser/trees/switch_statement_tree.rs	ba434fd43a91fae9	Apache-2.0	closure:src/com/google/javascript/jscomp/parsing/parser/trees/SwitchStatementTree.java
crates/parsing/src/parser/trees/template_literal_expression_tree.rs	54a0827605fd996b	Apache-2.0	closure:src/com/google/javascript/jscomp/parsing/parser/trees/TemplateLiteralExpressionTree.java
crates/parsing/src/parser/trees/template_literal_portion_tree.rs	72221707bec330ad	Apache-2.0	closure:src/com/google/javascript/jscomp/parsing/parser/trees/TemplateLiteralPortionTree.java
crates/parsing/src/parser/trees/template_substitution_tree.rs	48cb7f06596c3fad	Apache-2.0	closure:src/com/google/javascript/jscomp/parsing/parser/trees/TemplateSubstitutionTree.java
crates/parsing/src/parser/trees/this_expression_tree.rs	fa7f12101f312d21	Apache-2.0	closure:src/com/google/javascript/jscomp/parsing/parser/trees/ThisExpressionTree.java
crates/parsing/src/parser/trees/throw_statement_tree.rs	1580e289e390ce6b	Apache-2.0	closure:src/com/google/javascript/jscomp/parsing/parser/trees/ThrowStatementTree.java
crates/parsing/src/parser/trees/try_statement_tree.rs	8e50fef87be24837	Apache-2.0	closure:src/com/google/javascript/jscomp/parsing/parser/trees/TryStatementTree.java
crates/parsing/src/parser/trees/unary_expression_tree.rs	8259c86cfb11e00f	Apache-2.0	closure:src/com/google/javascript/jscomp/parsing/parser/trees/UnaryExpressionTree.java
crates/parsing/src/parser/trees/update_expression_tree.rs	5ddd5139083fdd5a	Apache-2.0	closure:src/com/google/javascript/jscomp/parsing/parser/trees/UpdateExpressionTree.java
crates/parsing/src/parser/trees/variable_declaration_list_tree.rs	bc701cac88d6907c	Apache-2.0	closure:src/com/google/javascript/jscomp/parsing/parser/trees/VariableDeclarationListTree.java
crates/parsing/src/parser/trees/variable_declaration_tree.rs	ebe532ff5f28441a	Apache-2.0	closure:src/com/google/javascript/jscomp/parsing/parser/trees/VariableDeclarationTree.java
crates/parsing/src/parser/trees/variable_statement_tree.rs	4932d9e7aba396f6	Apache-2.0	closure:src/com/google/javascript/jscomp/parsing/parser/trees/VariableStatementTree.java
crates/parsing/src/parser/trees/while_statement_tree.rs	ad399611ff3f2adb	Apache-2.0	closure:src/com/google/javascript/jscomp/parsing/parser/trees/WhileStatementTree.java
crates/parsing/src/parser/trees/with_statement_tree.rs	0036de801538edf5	Apache-2.0	closure:src/com/google/javascript/jscomp/parsing/parser/trees/WithStatementTree.java
crates/parsing/src/parser/trees/yield_expression_tree.rs	57fb3feb81ec4dc8	Apache-2.0	closure:src/com/google/javascript/jscomp/parsing/parser/trees/YieldExpressionTree.java
crates/parsing/src/parser/util/error_reporter.rs	b7dbcfb1c408a994	Apache-2.0	closure:src/com/google/javascript/jscomp/parsing/parser/util/ErrorReporter.java
crates/parsing/src/parser/util/mod.rs	322fc2ba37b98b96	Apache-2.0	-
crates/parsing/src/parser/util/source_range.rs	112d151a16146157	Apache-2.0	closure:src/com/google/javascript/jscomp/parsing/parser/util/SourceRange.java
crates/parsing/src/parser_configuration.rs	ce107025bfa70f80	Apache-2.0	closure:src/com/google/javascript/jscomp/parsing/ParserConfiguration.java
crates/parsing/src/parser_runner.rs	ca1fe2c5a4ad5315	Apache-2.0	closure:src/com/google/javascript/jscomp/parsing/ParserRunner.java
crates/parsing/src/parsing_util.rs	93003e5ec7ce0627	Apache-2.0	closure:src/com/google/javascript/jscomp/parsing/ParsingUtil.java
crates/parsing/src/type_transformation_parser.rs	35a34961a90db624	Apache-2.0	closure:src/com/google/javascript/jscomp/parsing/TypeTransformationParser.java
crates/parsing/tests/attach_jsdocs_test.rs	06816274e9b11766	Apache-2.0	closure:test/com/google/javascript/jscomp/parsing/AttachJsdocsTest.java
crates/parsing/tests/js_doc_info_parser_test.rs	40c8d8866df1f040	Apache-2.0	closure:test/com/google/javascript/jscomp/parsing/JsDocInfoParserTest.java; closure:src/com/google/javascript/jscomp/NodeUtil.java
crates/parsing/tests/js_doc_token_stream_test.rs	871746918c2bc97c	Apache-2.0	closure:test/com/google/javascript/jscomp/parsing/JsDocTokenStreamTest.java
crates/parsing/tests/parser_runner_config_test.rs	322fc2ba37b98b96	Apache-2.0	-
crates/parsing/tests/parser_test.rs	040dc09a90c6888d	Apache-2.0	closure:test/com/google/javascript/jscomp/parsing/ParserTest.java; closure:src/com/google/javascript/jscomp/NodeUtil.java
crates/parsing/tests/parsing_util_test.rs	f4f050a097da841f	Apache-2.0	closure:test/com/google/javascript/jscomp/parsing/ParsingUtilTest.java
crates/parsing/tests/rhino/parser_test.rs	7f8f71794b663058	(MPL-1.1 OR GPL-2.0-or-later)	closure:src/com/google/javascript/rhino/testing/NodeSubject.java
crates/parsing/tests/wtf16_diagnostics_test.rs	19f33ff9bb1f8bb0	Apache-2.0	closure:src/com/google/javascript/jscomp/parsing/JsDocInfoParser.java
crates/regex/examples/regex_diff.rs	322fc2ba37b98b96	Apache-2.0	-
crates/regex/src/case_canonicalize.rs	a0d2c76ccf6cc17c	Apache-2.0	closure:src/com/google/javascript/jscomp/regex/CaseCanonicalize.java
crates/regex/src/char_ranges.rs	2f91494ca4f1ae9b	Apache-2.0	closure:src/com/google/javascript/jscomp/regex/CharRanges.java
crates/regex/src/lib.rs	322fc2ba37b98b96	Apache-2.0	-
crates/regex/src/reg_exp_tree.rs	21a48fcdc62e394e	Apache-2.0	closure:src/com/google/javascript/jscomp/regex/RegExpTree.java
crates/regex/tests/char_ranges_test.rs	46f7ab32105959ad	Apache-2.0	closure:test/com/google/javascript/jscomp/regex/CharRangesTest.java
crates/regex/tests/jdk/java_util_random.rs	0a8237c1ab93f924	GPL-2.0-only WITH Classpath-exception-2.0	jdk:java.base/java/util/Random.java
crates/regex/tests/reg_exp_tree_test.rs	6882786b0ba1dd39	Apache-2.0	closure:test/com/google/javascript/jscomp/regex/RegExpTreeTest.java
crates/resources/src/abstract_command_line_runner.rs	83d8ff1eae373927	Apache-2.0	closure:src/com/google/javascript/jscomp/SourceFile.java; closure:src/com/google/javascript/jscomp/AbstractCommandLineRunner.java
crates/resources/src/compiler_options.rs	8e28e99bc194d049	Apache-2.0	closure:src/com/google/javascript/jscomp/CompilerOptions.java
crates/resources/src/default_externs.rs	bdd5febe36cbc9ee	Apache-2.0	closure:src/com/google/javascript/jscomp/DefaultExterns.java
crates/resources/src/guava.rs	d456a3b31fa65198	Apache-2.0	guava:com/google/common/collect/RegularImmutableMap.java; guava:com/google/common/hash/Hashing.java; guava:com/google/common/collect/ImmutableMap.java; guava:com/google/common/collect/JdkBackedImmutableMap.java; guava:com/google/common/base/Splitter.java
crates/resources/src/jar.rs	189938cff7a9ebf3	GPL-2.0-only WITH Classpath-exception-2.0	jdk:java.base/java/lang/Class.java; jdk:java.base/java/util/zip/ZipFile.java
crates/resources/src/jar_contents.rs	322fc2ba37b98b96	Apache-2.0	-
crates/resources/src/js/mod.rs	322fc2ba37b98b96	Apache-2.0	-
crates/resources/src/js/runtime_js_lib_manager.rs	e88e864645acc87e	Apache-2.0	closure:src/com/google/javascript/jscomp/js/RuntimeJsLibManager.java
crates/resources/src/lib.rs	322fc2ba37b98b96	Apache-2.0	-
crates/resources/src/resources/mod.rs	322fc2ba37b98b96	Apache-2.0	-
crates/resources/src/resources/properties_parser.rs	4398c86f93d3d891	Apache-2.0	closure:src/com/google/javascript/jscomp/resources/PropertiesParser.java
crates/resources/src/resources/resource_loader.rs	3d61be468beb92f6	Apache-2.0	closure:src/com/google/javascript/jscomp/resources/ResourceLoader.java
crates/resources/tests/builtin_externs.rs	a7edd462dd41658b	Apache-2.0	closure:src/com/google/javascript/jscomp/AbstractCommandLineRunner.java
crates/resources/tests/common/mod.rs	322fc2ba37b98b96	Apache-2.0	-
crates/resources/tests/default_externs.rs	bdd5febe36cbc9ee	Apache-2.0	closure:src/com/google/javascript/jscomp/DefaultExterns.java
crates/resources/tests/fields_table.rs	e88e864645acc87e	Apache-2.0	closure:src/com/google/javascript/jscomp/js/RuntimeJsLibManager.java
crates/resources/tests/jar_manifest.rs	322fc2ba37b98b96	Apache-2.0	-
crates/resources/tests/properties_parser.rs	4398c86f93d3d891	Apache-2.0	closure:src/com/google/javascript/jscomp/resources/PropertiesParser.java
crates/resources/tests/resource_loader.rs	8ef0b362b455f2cf	Apache-2.0	closure:src/com/google/javascript/jscomp/resources/ResourceLoader.java; closure:src/com/google/javascript/jscomp/Compiler.java
crates/rhino/examples/double_dump.rs	322fc2ba37b98b96	Apache-2.0	-
crates/rhino/examples/dtoa_compare.rs	322fc2ba37b98b96	Apache-2.0	-
crates/rhino/src/closure_primitive.rs	39ae77ce56b7d38b	(MPL-1.1 OR GPL-2.0-or-later)	closure:src/com/google/javascript/rhino/ClosurePrimitive.java
crates/rhino/src/common_hash/farm_hash_fingerprint64.rs	0fe4178185c15803	Apache-2.0	guava:com/google/common/hash/FarmHashFingerprint64.java
crates/rhino/src/common_hash/mod.rs	322fc2ba37b98b96	Apache-2.0	-
crates/rhino/src/dtoa/d_to_a.rs	146038ebc4148217	(MPL-1.1 OR GPL-2.0-or-later) AND dtoa	closure:src/com/google/javascript/rhino/dtoa/DToA.java
crates/rhino/src/dtoa/d_to_a_jdk.rs	aa0a707523412583	GPL-2.0-only WITH Classpath-exception-2.0	jdk:java.base/java/math/BigInteger.java
crates/rhino/src/dtoa/mod.rs	322fc2ba37b98b96	Apache-2.0	-
crates/rhino/src/error_reporter.rs	4bec192ce21c84e1	(MPL-1.1 OR GPL-2.0-or-later)	closure:src/com/google/javascript/rhino/ErrorReporter.java
crates/rhino/src/fast_hash.rs	322fc2ba37b98b96	Apache-2.0	-
crates/rhino/src/hamt_pmap.rs	c3f9f05aaf3cae12	(MPL-1.1 OR GPL-2.0-or-later)	closure:src/com/google/javascript/rhino/HamtPMap.java; closure:src/com/google/javascript/rhino/PMap.java
crates/rhino/src/input_id.rs	e27ada6e6e35ad33	(MPL-1.1 OR GPL-2.0-or-later)	closure:src/com/google/javascript/rhino/InputId.java
crates/rhino/src/ir.rs	c5bf4aa561a0b402	(MPL-1.1 OR GPL-2.0-or-later)	closure:src/com/google/javascript/rhino/IR.java
crates/rhino/src/java_lang.rs	d4ee28b6ca86740b	GPL-2.0-only WITH Classpath-exception-2.0	jdk:java.base/java/lang/Math.java; jdk:java.base/java/lang/Double.java; jdk:java.base/jdk/internal/math/DoubleToDecimal.java; jdk:java.base/java/lang/CharacterData.java; jdk:java.base/java/lang/Character.java; jdk:java.base/java/lang/String.java; jdk:java.base/java/lang/Object.java; jdk:java.base/java/lang/Integer.java
crates/rhino/src/java_lang/big_integer.rs	aa0a707523412583	GPL-2.0-only WITH Classpath-exception-2.0	jdk:java.base/java/math/BigInteger.java
crates/rhino/src/java_lang/character_bmp.rs	74afcf79a1f665af	GPL-2.0-only WITH Classpath-exception-2.0	jdk:java.base/java/lang/Character.java
crates/rhino/src/java_lang/character_bmp_data.rs	34fa9feb584cb27a	GPL-2.0-only WITH Classpath-exception-2.0 AND Unicode-DFS-2016	jdk:java.base/java/lang/Character.java
crates/rhino/src/java_lang/character_case_data.rs	34fa9feb584cb27a	GPL-2.0-only WITH Classpath-exception-2.0 AND Unicode-DFS-2016	jdk:java.base/java/lang/Character.java
crates/rhino/src/java_lang/character_data.rs	34fa9feb584cb27a	GPL-2.0-only WITH Classpath-exception-2.0 AND Unicode-DFS-2016	jdk:java.base/java/lang/Character.java
crates/rhino/src/java_lang/charset.rs	850dfa0d406e4829	GPL-2.0-only WITH Classpath-exception-2.0	jdk:java.base/java/nio/charset/Charset.java; jdk:java.base/java/nio/charset/CharsetDecoder.java; jdk:java.base/sun/nio/cs/UTF_8.java; jdk:java.base/sun/nio/cs/UnicodeDecoder.java; jdk:java.base/java/nio/charset/CharsetEncoder.java
crates/rhino/src/java_lang/concurrent_hash_map.rs	fe5a5b12870939f5	GPL-2.0-only WITH Classpath-exception-2.0	jdk:java.base/java/util/concurrent/ConcurrentHashMap.java
crates/rhino/src/java_lang/double.rs	71a8f73873f86939	GPL-2.0-only WITH Classpath-exception-2.0	jdk:java.base/java/lang/Double.java; jdk:java.base/jdk/internal/math/FloatingDecimal.java
crates/rhino/src/java_lang/formatter.rs	6776a849141ab4fb	GPL-2.0-only WITH Classpath-exception-2.0	jdk:java.base/java/util/Formatter.java; jdk:java.base/jdk/internal/math/FormattedFPDecimal.java
crates/rhino/src/java_lang/hash_map.rs	4c8a7f4dc1f45a87	GPL-2.0-only WITH Classpath-exception-2.0	jdk:java.base/java/util/HashMap.java
crates/rhino/src/java_lang/integer.rs	649442d4e87a134b	GPL-2.0-only WITH Classpath-exception-2.0	jdk:java.base/java/lang/NumberFormatException.java; jdk:java.base/java/lang/Integer.java
crates/rhino/src/java_lang/io_exception.rs	52005a58a058c877	GPL-2.0-only WITH Classpath-exception-2.0	jdk:java.base/java/io/IOException.java; jdk:java.base/java/lang/Throwable.java; jdk:java.base/sun/nio/fs/UnixException.java
crates/rhino/src/java_lang/math.rs	f354410220072738	GPL-2.0-only WITH Classpath-exception-2.0	jdk:java.base/java/lang/Math.java
crates/rhino/src/java_lang/math_utils.rs	f1e91cf926ab7598	GPL-2.0-only WITH Classpath-exception-2.0	jdk:java.base/jdk/internal/math/MathUtils.java
crates/rhino/src/java_lang/message_format.rs	1ff67df21eae0171	GPL-2.0-only WITH Classpath-exception-2.0	jdk:java.base/java/text/MessageFormat.java; jdk:java.base/java/lang/Integer.java
crates/rhino/src/java_lang/parse_exception.rs	a7f1fec2eaa86ca8	GPL-2.0-only WITH Classpath-exception-2.0	jdk:java.base/java/text/ParseException.java; jdk:java.base/java/lang/Throwable.java
crates/rhino/src/java_lang/pattern.rs	5f30c55bfb45d32a	GPL-2.0-only WITH Classpath-exception-2.0	jdk:java.base/java/util/regex/Pattern.java; jdk:java.base/java/util/regex/Matcher.java
crates/rhino/src/java_lang/properties.rs	7446a65d0c0168a3	GPL-2.0-only WITH Classpath-exception-2.0	jdk:java.base/java/util/Properties.java
crates/rhino/src/java_lang/regex.rs	5cdce26b9f02d034	GPL-2.0-only WITH Classpath-exception-2.0	jdk:java.base/java/util/regex/Pattern.java; jdk:java.base/java/lang/Character.java; jdk:java.base/java/util/regex/CharPredicates.java; jdk:java.base/java/util/regex/PatternSyntaxException.java; jdk:java.base/java/util/regex/Matcher.java; jdk:java.base/java/lang/String.java
crates/rhino/src/java_lang/regex_categories.rs	34fa9feb584cb27a	GPL-2.0-only WITH Classpath-exception-2.0 AND Unicode-DFS-2016	jdk:java.base/java/lang/Character.java
crates/rhino/src/java_lang/sax_parser.rs	082dc9e17dfda85a	Apache-2.0 AND GPL-2.0-only WITH Classpath-exception-2.0	jdk:java.xml/org/xml/sax/Attributes.java; jdk:java.xml/org/xml/sax/ContentHandler.java; jdk:java.xml/org/xml/sax/SAXParseException.java; jdk:java.xml/org/xml/sax/XMLReader.java; jdk:java.xml/com/sun/org/apache/xerces/internal/impl/io/UTF8Reader.java; jdk:java.xml/com/sun/org/apache/xerces/internal/impl/XMLEntityScanner.java; jdk:java.xml/com/sun/org/apache/xerces/internal/impl/XMLDocumentFragmentScannerImpl.java; jdk:java.xml/com/sun/org/apache/xerces/internal/impl/XMLDocumentScannerImpl.java; jdk:java.xml/com/sun/org/apache/xerces/internal/impl/XMLScanner.java; jdk:java.xml/com/sun/org/apache/xerces/internal/impl/XMLDTDScannerImpl.java; jdk:java.xml/com/sun/org/apache/xerces/internal/impl/dtd/XMLDTDValidator.java
crates/rhino/src/java_lang/string.rs	63b82c8577b93bde	GPL-2.0-only WITH Classpath-exception-2.0	jdk:java.base/java/lang/String.java
crates/rhino/src/java_lang/string_builder.rs	98a4130d67fe12b9	GPL-2.0-only WITH Classpath-exception-2.0	jdk:java.base/java/lang/StringBuilder.java; jdk:java.base/java/lang/AbstractStringBuilder.java
crates/rhino/src/java_lang/unix_path.rs	10ea8b28077703a8	GPL-2.0-only WITH Classpath-exception-2.0	jdk:java.base/sun/nio/fs/UnixPath.java; jdk:java.base/java/nio/file/Path.java; jdk:java.base/java/lang/String.java
crates/rhino/src/java_lang/uri.rs	878c56e9f798c57e	GPL-2.0-only WITH Classpath-exception-2.0	jdk:java.base/java/net/URISyntaxException.java; jdk:java.base/java/net/URI.java; jdk:java.base/java/lang/String.java
crates/rhino/src/java_lang/utf_8.rs	261c2fd5957748d0	GPL-2.0-only WITH Classpath-exception-2.0	jdk:java.base/java/lang/String.java; jdk:java.base/sun/nio/cs/UTF_8.java; jdk:java.base/sun/nio/cs/StreamEncoder.java; jdk:java.base/java/nio/charset/CharsetDecoder.java; jdk:java.base/java/io/BufferedReader.java; jdk:java.base/sun/nio/cs/StreamDecoder.java
crates/rhino/src/java_lang/xml_char.rs	6621e82a67179abe	Apache-2.0	jdk:java.xml/com/sun/org/apache/xerces/internal/util/XMLChar.java
crates/rhino/src/java_lang/zip_input_stream.rs	4287aa095dae5e49	GPL-2.0-only WITH Classpath-exception-2.0	jdk:java.base/java/util/zip/ZipInputStream.java; jdk:java.base/java/util/zip/ZipEntry.java; jdk:java.base/java/util/zip/ZipUtils.java; jdk:java.base/java/util/zip/CRC32.java
crates/rhino/src/java_util/bit_set.rs	75aa6ae798433408	GPL-2.0-only WITH Classpath-exception-2.0	jdk:java.base/java/util/BitSet.java
crates/rhino/src/java_util/mod.rs	322fc2ba37b98b96	Apache-2.0	-
crates/rhino/src/java_util/priority_queue.rs	1ffbabe18be6fafc	GPL-2.0-only WITH Classpath-exception-2.0	jdk:java.base/java/util/PriorityQueue.java; jdk:java.base/java/util/AbstractQueue.java; jdk:java.base/java/util/AbstractCollection.java
crates/rhino/src/js_identifier.rs	2bc2e92107f6e4e7	(MPL-1.1 OR GPL-2.0-or-later)	closure:src/com/google/javascript/rhino/JSIdentifier.java
crates/rhino/src/js_string.rs	322fc2ba37b98b96	Apache-2.0	-
crates/rhino/src/js_type_expression.rs	7f18b88eba71c411	(MPL-1.1 OR GPL-2.0-or-later)	closure:src/com/google/javascript/rhino/JSTypeExpression.java
crates/rhino/src/jscomp_base/js_comp_doubles.rs	717cc53f6473a3ba	Apache-2.0	closure:src/com/google/javascript/jscomp/base/JSCompDoubles.java; closure:test/com/google/javascript/jscomp/base/JSCompDoublesTest.java
crates/rhino/src/jscomp_base/js_comp_objects.rs	130beb576c80eb8b	Apache-2.0	closure:src/com/google/javascript/jscomp/base/JSCompObjects.java
crates/rhino/src/jscomp_base/js_comp_strings.rs	64102f6a01484ac9	Apache-2.0	closure:src/com/google/javascript/jscomp/base/JSCompStrings.java
crates/rhino/src/jscomp_base/linked_identity_hash_map.rs	96a0ca4204e5f713	Apache-2.0	closure:src/com/google/javascript/jscomp/base/LinkedIdentityHashMap.java
crates/rhino/src/jscomp_base/linked_identity_hash_set.rs	3a27155ec1ed3ffe	Apache-2.0	closure:src/com/google/javascript/jscomp/base/LinkedIdentityHashSet.java
crates/rhino/src/jscomp_base/mod.rs	a3acfe5b7e38f17c	Apache-2.0	guava:com/google/common/base/Strings.java; guava:com/google/common/base/Preconditions.java
crates/rhino/src/jscomp_base/tri.rs	7a8e0aeda199d051	Apache-2.0	closure:src/com/google/javascript/jscomp/base/Tri.java
crates/rhino/src/jscomp_colors/color.rs	66ebb07198cdf9ee	Apache-2.0	closure:src/com/google/javascript/jscomp/colors/Color.java
crates/rhino/src/jscomp_colors/color_id.rs	bd7b0b294ea75a1c	Apache-2.0	closure:src/com/google/javascript/jscomp/colors/ColorId.java
crates/rhino/src/jscomp_colors/color_registry.rs	ed241e0a4dbf4ef4	Apache-2.0	closure:src/com/google/javascript/jscomp/colors/ColorRegistry.java
crates/rhino/src/jscomp_colors/mod.rs	322fc2ba37b98b96	Apache-2.0	-
crates/rhino/src/jscomp_colors/standard_colors.rs	b7afee128f9a4b89	Apache-2.0	closure:src/com/google/javascript/jscomp/colors/StandardColors.java
crates/rhino/src/jscomp_parsing_parser/mod.rs	322fc2ba37b98b96	Apache-2.0	-
crates/rhino/src/jscomp_parsing_parser/source_file.rs	c1789167658fd139	Apache-2.0	closure:src/com/google/javascript/jscomp/parsing/parser/SourceFile.java
crates/rhino/src/jscomp_parsing_parser/util/mod.rs	322fc2ba37b98b96	Apache-2.0	-
crates/rhino/src/jscomp_parsing_parser/util/source_position.rs	c038420bd0440969	Apache-2.0	closure:src/com/google/javascript/jscomp/parsing/parser/util/SourcePosition.java
crates/rhino/src/jscomp_serialization/mod.rs	322fc2ba37b98b96	Apache-2.0	-
crates/rhino/src/jscomp_serialization/node_property.rs	7271449f89ee05ca	Apache-2.0	closure:src/com/google/javascript/rhino/typed_ast/typed_ast.proto
crates/rhino/src/jsdoc_info.rs	5592d1a2820c8050	(MPL-1.1 OR GPL-2.0-or-later)	closure:src/com/google/javascript/rhino/JSDocInfo.java; closure:src/com/google/javascript/rhino/jstype/Property.java; closure:src/com/google/javascript/rhino/SourcePosition.java
crates/rhino/src/jstype/mod.rs	322fc2ba37b98b96	Apache-2.0	-
crates/rhino/src/lib.rs	322fc2ba37b98b96	Apache-2.0	-
crates/rhino/src/msg.rs	a3076929ccd9e5d0	(MPL-1.1 OR GPL-2.0-or-later)	closure:src/com/google/javascript/rhino/Msg.java
crates/rhino/src/node.rs	ae29b0f963dc7ce7	(MPL-1.1 OR GPL-2.0-or-later)	closure:src/com/google/javascript/rhino/Node.java
crates/rhino/src/non_jsdoc_comment.rs	fd91889dd1a0bd15	(MPL-1.1 OR GPL-2.0-or-later)	closure:src/com/google/javascript/rhino/NonJSDocComment.java
crates/rhino/src/outcome.rs	6da8abbd8c8ffce2	(MPL-1.1 OR GPL-2.0-or-later)	closure:src/com/google/javascript/rhino/Outcome.java
crates/rhino/src/pmap.rs	6fa4e7514fb4ada7	(MPL-1.1 OR GPL-2.0-or-later)	closure:src/com/google/javascript/rhino/PMap.java
crates/rhino/src/prop_translator.rs	bc460ac05ebc2b37	(MPL-1.1 OR GPL-2.0-or-later)	closure:src/com/google/javascript/rhino/PropTranslator.java
crates/rhino/src/qualified_name.rs	c1aa6ba10010fe71	(MPL-1.1 OR GPL-2.0-or-later)	closure:src/com/google/javascript/rhino/QualifiedName.java
crates/rhino/src/rhino_string_pool.rs	a0b4e3d71ca225d7	(MPL-1.1 OR GPL-2.0-or-later)	closure:src/com/google/javascript/rhino/RhinoStringPool.java
crates/rhino/src/simple_source_file.rs	d49961d8b6551b49	(MPL-1.1 OR GPL-2.0-or-later)	closure:src/com/google/javascript/rhino/SimpleSourceFile.java
crates/rhino/src/source_position.rs	8aec742abc278f0d	(MPL-1.1 OR GPL-2.0-or-later)	closure:src/com/google/javascript/rhino/SourcePosition.java
crates/rhino/src/static_ref.rs	fe271d7433065703	(MPL-1.1 OR GPL-2.0-or-later)	closure:src/com/google/javascript/rhino/StaticRef.java
crates/rhino/src/static_scope.rs	faa76e21c9b230b5	(MPL-1.1 OR GPL-2.0-or-later)	closure:src/com/google/javascript/rhino/StaticScope.java
crates/rhino/src/static_slot.rs	2eeb83265390be99	(MPL-1.1 OR GPL-2.0-or-later)	closure:src/com/google/javascript/rhino/StaticSlot.java
crates/rhino/src/static_source_file.rs	2874d797641fa388	(MPL-1.1 OR GPL-2.0-or-later)	closure:src/com/google/javascript/rhino/StaticSourceFile.java
crates/rhino/src/static_symbol_table.rs	4ac4e1e631da92f4	(MPL-1.1 OR GPL-2.0-or-later)	closure:src/com/google/javascript/rhino/StaticSymbolTable.java
crates/rhino/src/testing/mod.rs	322fc2ba37b98b96	Apache-2.0	-
crates/rhino/src/testing/node_subject.rs	90fe9158f1d0ebb0	(MPL-1.1 OR GPL-2.0-or-later)	closure:src/com/google/javascript/rhino/testing/NodeSubject.java; closure:src/com/google/javascript/rhino/Node.java
crates/rhino/src/testing/test_error_reporter.rs	e4ac56ff051d626c	(MPL-1.1 OR GPL-2.0-or-later)	closure:src/com/google/javascript/rhino/testing/TestErrorReporter.java
crates/rhino/src/token.rs	8b0a45ea626ed580	(MPL-1.1 OR GPL-2.0-or-later)	closure:src/com/google/javascript/rhino/Token.java
crates/rhino/src/token_stream.rs	8221ee7cd46870e8	(MPL-1.1 OR GPL-2.0-or-later)	closure:src/com/google/javascript/rhino/TokenStream.java
crates/rhino/src/token_util.rs	896b7e1df321cd89	(MPL-1.1 OR GPL-2.0-or-later)	closure:src/com/google/javascript/rhino/TokenUtil.java
crates/rhino/src/type_declarations_ir.rs	7bbe17a1ff5cc930	(MPL-1.1 OR GPL-2.0-or-later)	closure:src/com/google/javascript/rhino/TypeDeclarationsIR.java
crates/rhino/tests/bit_set_test.rs	322fc2ba37b98b96	Apache-2.0	-
crates/rhino/tests/dtoa_golden.rs	322fc2ba37b98b96	Apache-2.0	-
crates/rhino/tests/farm_hash_fingerprint64_test.rs	322fc2ba37b98b96	Apache-2.0	-
crates/rhino/tests/hamt_pmap_test.rs	702efde962e42b07	(MPL-1.1 OR GPL-2.0-or-later)	closure:test/com/google/javascript/rhino/HamtPMapTest.java
crates/rhino/tests/ir_test.rs	182c0949ad4db0fd	(MPL-1.1 OR GPL-2.0-or-later)	closure:test/com/google/javascript/rhino/IRTest.java
crates/rhino/tests/java_concurrent_hash_map_test.rs	322fc2ba37b98b96	Apache-2.0	-
crates/rhino/tests/java_hash_map_test.rs	322fc2ba37b98b96	Apache-2.0	-
crates/rhino/tests/java_lang_numeric_parse_test.rs	322fc2ba37b98b96	Apache-2.0	-
crates/rhino/tests/java_lang_parser_test.rs	322fc2ba37b98b96	Apache-2.0	-
crates/rhino/tests/java_lang_test.rs	322fc2ba37b98b96	Apache-2.0	-
crates/rhino/tests/js_comp_doubles_test.rs	d39a44f685249b17	Apache-2.0	closure:test/com/google/javascript/jscomp/base/JSCompDoublesTest.java
crates/rhino/tests/js_type_expression_test.rs	a19e67ef97ae1744	(MPL-1.1 OR GPL-2.0-or-later)	closure:test/com/google/javascript/rhino/JSTypeExpressionTest.java
crates/rhino/tests/jsdoc_info_test.rs	d8d4cceef3ccdaf0	(MPL-1.1 OR GPL-2.0-or-later)	closure:test/com/google/javascript/rhino/JSDocInfoTest.java
crates/rhino/tests/linked_identity_hash_map_test.rs	eae683a212559260	Apache-2.0	closure:test/com/google/javascript/jscomp/base/LinkedIdentityHashMapTest.java
crates/rhino/tests/linked_identity_hash_set_test.rs	b287419305544192	Apache-2.0	closure:test/com/google/javascript/jscomp/base/LinkedIdentityHashSetTest.java
crates/rhino/tests/node_test.rs	e100aea0630b2baa	(MPL-1.1 OR GPL-2.0-or-later)	closure:test/com/google/javascript/rhino/NodeTest.java
crates/rhino/tests/qualified_name_test.rs	146798ffebf66c96	(MPL-1.1 OR GPL-2.0-or-later)	closure:test/com/google/javascript/rhino/QualifiedNameTest.java
crates/rhino/tests/rhino_string_pool_test.rs	dd286a0799552433	(MPL-1.1 OR GPL-2.0-or-later)	closure:test/com/google/javascript/rhino/RhinoStringPoolTest.java
crates/rhino/tests/support/dtoa_records.rs	322fc2ba37b98b96	Apache-2.0	-
crates/rhino/tests/tri_test.rs	4fa77c4b8f5af612	Apache-2.0	closure:test/com/google/javascript/jscomp/base/TriTest.java
crates/rhino/tests/wtf16_rendering_test.rs	436da03140e11606	(MPL-1.1 OR GPL-2.0-or-later)	closure:src/com/google/javascript/rhino/Msg.java; closure:src/com/google/javascript/rhino/Node.java; closure:src/com/google/javascript/rhino/JSDocInfo.java; closure:src/com/google/javascript/rhino/JSTypeExpression.java
crates/sourcemap/examples/sourcemap_diff.rs	322fc2ba37b98b96	Apache-2.0	-
crates/sourcemap/src/base64.rs	becb5274e648244f	Apache-2.0	closure:src/com/google/debugging/sourcemap/Base64.java
crates/sourcemap/src/base64_vlq.rs	594ff664e339193c	Apache-2.0	closure:src/com/google/debugging/sourcemap/Base64VLQ.java
crates/sourcemap/src/file_position.rs	67c69878a92f9cca	Apache-2.0	closure:src/com/google/debugging/sourcemap/FilePosition.java
crates/sourcemap/src/gson/gson.rs	1aea87b723c386f1	Apache-2.0	gson:com/google/gson/Gson.java; gson:com/google/gson/internal/bind/TypeAdapters.java
crates/sourcemap/src/gson/json_array.rs	783f720197fad06b	Apache-2.0	gson:com/google/gson/JsonArray.java
crates/sourcemap/src/gson/json_element.rs	be16f547ca9e2aca	Apache-2.0	gson:com/google/gson/JsonElement.java
crates/sourcemap/src/gson/json_io_exception.rs	b055393dcfe691d0	Apache-2.0	gson:com/google/gson/JsonIOException.java
crates/sourcemap/src/gson/json_null.rs	46c191cd8c6c72f6	Apache-2.0	gson:com/google/gson/JsonNull.java
crates/sourcemap/src/gson/json_object.rs	bcc22c311ff85669	Apache-2.0	gson:com/google/gson/JsonObject.java
crates/sourcemap/src/gson/json_parse_exception.rs	026402b787d5cd81	Apache-2.0	gson:com/google/gson/JsonParseException.java
crates/sourcemap/src/gson/json_primitive.rs	4d35842b99479fc0	Apache-2.0	gson:com/google/gson/JsonPrimitive.java
crates/sourcemap/src/gson/json_syntax_exception.rs	568afe1ff427cd1a	Apache-2.0	gson:com/google/gson/JsonSyntaxException.java
crates/sourcemap/src/gson/lazily_parsed_number.rs	d18dfb7b8a3d4865	Apache-2.0	gson:com/google/gson/internal/LazilyParsedNumber.java
crates/sourcemap/src/gson/mod.rs	322fc2ba37b98b96	Apache-2.0	-
crates/sourcemap/src/gson/stream/json_reader.rs	2396a87d3378796f	Apache-2.0	gson:com/google/gson/stream/JsonReader.java; gson:com/google/gson/internal/bind/TypeAdapters.java
crates/sourcemap/src/gson/stream/json_scope.rs	465eb9348669437a	Apache-2.0	gson:com/google/gson/stream/JsonScope.java
crates/sourcemap/src/gson/stream/json_writer.rs	c176ff87297697b9	Apache-2.0	gson:com/google/gson/stream/JsonWriter.java; gson:com/google/gson/internal/bind/TypeAdapters.java
crates/sourcemap/src/gson/stream/malformed_json_exception.rs	04584d2bd5f9f031	Apache-2.0	gson:com/google/gson/stream/MalformedJsonException.java
crates/sourcemap/src/gson/stream/mod.rs	322fc2ba37b98b96	Apache-2.0	-
crates/sourcemap/src/java_character_case.rs	34fa9feb584cb27a	GPL-2.0-only WITH Classpath-exception-2.0 AND Unicode-DFS-2016	jdk:java.base/java/lang/Character.java
crates/sourcemap/src/java_math.rs	d01b724e8bbacbd0	GPL-2.0-only WITH Classpath-exception-2.0	jdk:java.base/java/math/BigDecimal.java
crates/sourcemap/src/java_string.rs	6f0256bef3efd27b	GPL-2.0-only WITH Classpath-exception-2.0	jdk:java.base/java/lang/String.java; jdk:java.base/java/lang/Character.java; jdk:java.base/java/lang/Long.java; jdk:java.base/java/lang/Boolean.java; jdk:java.base/java/lang/Throwable.java
crates/sourcemap/src/lib.rs	322fc2ba37b98b96	Apache-2.0	-
crates/sourcemap/src/proto/mapping.rs	bb5bc2b6e3fcfe46	Apache-2.0	closure:src/com/google/debugging/sourcemap/proto/mapping.proto
crates/sourcemap/src/proto/mod.rs	322fc2ba37b98b96	Apache-2.0	-
crates/sourcemap/src/source_map_consumer.rs	2207cbb8349d0cf6	Apache-2.0	closure:src/com/google/debugging/sourcemap/SourceMapConsumer.java
crates/sourcemap/src/source_map_consumer_factory.rs	489e2239d26f185b	Apache-2.0	closure:src/com/google/debugging/sourcemap/SourceMapConsumerFactory.java
crates/sourcemap/src/source_map_consumer_v3.rs	d7f2d1b220aa7b22	Apache-2.0	closure:src/com/google/debugging/sourcemap/SourceMapConsumerV3.java
crates/sourcemap/src/source_map_format.rs	7ab4a2ca26b94156	Apache-2.0	closure:src/com/google/debugging/sourcemap/SourceMapFormat.java
crates/sourcemap/src/source_map_generator.rs	f6da71ddbfca88aa	Apache-2.0	closure:src/com/google/debugging/sourcemap/SourceMapGenerator.java
crates/sourcemap/src/source_map_generator_factory.rs	ab1ace9446cebfb0	Apache-2.0	closure:src/com/google/debugging/sourcemap/SourceMapGeneratorFactory.java
crates/sourcemap/src/source_map_generator_v3.rs	90bd5d960cf5b9b8	Apache-2.0	closure:src/com/google/debugging/sourcemap/SourceMapGeneratorV3.java
crates/sourcemap/src/source_map_json_lexer.rs	014fedb011de58f1	Apache-2.0	closure:src/com/google/debugging/sourcemap/SourceMapJsonLexer.java
crates/sourcemap/src/source_map_object.rs	df267675579032cd	Apache-2.0	closure:src/com/google/debugging/sourcemap/SourceMapObject.java
crates/sourcemap/src/source_map_object_parser.rs	3cd783c8b59bc9b2	Apache-2.0	closure:src/com/google/debugging/sourcemap/SourceMapObjectParser.java
crates/sourcemap/src/source_map_parse_exception.rs	72a867cd4e785141	Apache-2.0	closure:src/com/google/debugging/sourcemap/SourceMapParseException.java
crates/sourcemap/src/source_map_section.rs	4c1261763628f7c5	Apache-2.0	closure:src/com/google/debugging/sourcemap/SourceMapSection.java
crates/sourcemap/src/source_map_supplier.rs	86c0f8a0ceb6fda6	Apache-2.0	closure:src/com/google/debugging/sourcemap/SourceMapSupplier.java
crates/sourcemap/src/source_mapping.rs	bfc8881f35b9d01b	Apache-2.0	closure:src/com/google/debugging/sourcemap/SourceMapping.java
crates/sourcemap/src/source_mapping_reversable.rs	e3f6414b90833c76	Apache-2.0	closure:src/com/google/debugging/sourcemap/SourceMappingReversable.java
crates/sourcemap/src/util.rs	b819f79e2c682ab0	Apache-2.0	closure:src/com/google/debugging/sourcemap/Util.java
crates/sourcemap/tests/base64_test.rs	11362a86da6406ff	Apache-2.0	closure:test/com/google/debugging/sourcemap/Base64Test.java
crates/sourcemap/tests/base64_vlq_test.rs	2f6821cd7ca27092	Apache-2.0	closure:test/com/google/debugging/sourcemap/Base64VLQTest.java
crates/sourcemap/tests/common/mod.rs	d766efde151121af	Apache-2.0	closure:test/com/google/debugging/sourcemap/TestJsonBuilder.java; closure:test/com/google/debugging/sourcemap/SourceMapGeneratorV3Test.java
crates/sourcemap/tests/common/source_map_test_case.rs	559fa035b73d2281	Apache-2.0	closure:test/com/google/debugging/sourcemap/SourceMapTestCase.java
crates/sourcemap/tests/diff_support/mod.rs	322fc2ba37b98b96	Apache-2.0	-
crates/sourcemap/tests/source_map_consumer_generator_test.rs	fd52a558646803bf	Apache-2.0	closure:test/com/google/debugging/sourcemap/SourceMapConsumerGeneratorTest.java
crates/sourcemap/tests/source_map_consumer_v3_test.rs	e1ec264cd7333341	Apache-2.0	closure:test/com/google/debugging/sourcemap/SourceMapConsumerV3Test.java
crates/sourcemap/tests/source_map_generator_v3_test.rs	413efc5832aa5281	Apache-2.0	closure:test/com/google/debugging/sourcemap/SourceMapGeneratorV3Test.java
crates/sourcemap/tests/sourcemap_diff_test.rs	322fc2ba37b98b96	Apache-2.0	-
crates/sourcemap/tests/util_test.rs	f6e32f75cc5b8d48	Apache-2.0	closure:test/com/google/debugging/sourcemap/UtilTest.java
crates/testing/src/bin/unit_replay.rs	e9928d4d80fe6c79	Apache-2.0	own:oracle/replay/src/com/google/javascript/jscomp/ReplayMain.java
crates/testing/src/compiler_test_case.rs	5e3a544ac938d52a	Apache-2.0	closure:test/com/google/javascript/jscomp/CompilerTestCase.java; own:oracle/replay/src/com/google/javascript/jscomp/ReplayDsl.java; own:oracle/replay/src/com/google/javascript/jscomp/ReplayValues.java
crates/testing/src/compiler_test_case_rhino.rs	7f8f71794b663058	(MPL-1.1 OR GPL-2.0-or-later)	closure:src/com/google/javascript/rhino/testing/NodeSubject.java
crates/testing/src/compiler_test_case_utils.rs	e2f3bdfb1be84858	Apache-2.0	closure:test/com/google/javascript/jscomp/CompilerTestCaseUtils.java
crates/testing/src/compiler_type_test_case.rs	8201b83bde8b8ef8	Apache-2.0	closure:test/com/google/javascript/jscomp/CompilerTypeTestCase.java
crates/testing/src/corpus.rs	322fc2ba37b98b96	Apache-2.0	-
crates/testing/src/derived.rs	322fc2ba37b98b96	Apache-2.0	-
crates/testing/src/descriptor.rs	e4e94c70136729b1	Apache-2.0	own:oracle/replay/src/com/google/javascript/jscomp/ReplayDsl.java
crates/testing/src/dsl.rs	322fc2ba37b98b96	Apache-2.0	-
crates/testing/src/harness_passes.rs	456a0c1a096c5fa3	Apache-2.0	closure:src/com/google/javascript/jscomp/ChangeVerifier.java; closure:test/com/google/javascript/jscomp/CompilerTestCase.java; closure:src/com/google/javascript/jscomp/GatherModuleMetadata.java; closure:src/com/google/javascript/jscomp/ValidityCheck.java; closure:src/com/google/javascript/jscomp/RemoveCastNodes.java; closure:src/com/google/javascript/jscomp/serialization/ConvertTypesToColors.java; closure:src/com/google/javascript/jscomp/Compiler.java; closure:test/com/google/javascript/jscomp/CompilerTestCaseUtils.java; closure:test/com/google/javascript/jscomp/TypeCheckTestCase.java; closure:src/com/google/javascript/jscomp/AccessorSummary.java; closure:src/com/google/javascript/jscomp/GatherGetterAndSetterProperties.java; closure:src/com/google/javascript/jscomp/js/RuntimeJsLibManager.java; closure:src/com/google/javascript/jscomp/DiagnosticGroups.java; closure:src/com/google/javascript/jscomp/GoogleCodingConvention.java; own:oracle/replay/src/com/google/javascript/jscomp/ReplayValues.java; closure:src/com/google/javascript/jscomp/testing/TestExternsBuilder.java; own:oracle/replay/src/com/google/javascript/jscomp/ReplayDsl.java; own:UnitRecorder.java (oracle/patches/0002-recording-hooks.patch); closure:src/com/google/javascript/jscomp/SourceMap.java; closure:src/com/google/javascript/jscomp/parsing/parser/FeatureSet.java; closure:src/com/google/javascript/jscomp/SourceInformationAnnotator.java; closure:src/com/google/javascript/jscomp/type/SemanticReverseAbstractInterpreter.java; closure:src/com/google/javascript/jscomp/TypeInferencePass.java; closure:src/com/google/javascript/jscomp/TypeCheck.java; closure:test/com/google/javascript/jscomp/CompilerTypeTestCase.java
crates/testing/src/harness_passes_rhino.rs	65185104f9fc2bea	(MPL-1.1 OR GPL-2.0-or-later)	closure:src/com/google/javascript/rhino/JSTypeExpression.java; closure:src/com/google/javascript/rhino/testing/BaseJSTypeTestCase.java; closure:src/com/google/javascript/rhino/jstype/JSTypeNative.java; closure:src/com/google/javascript/rhino/jstype/JSTypeRegistry.java; closure:src/com/google/javascript/rhino/jstype/RecordTypeBuilder.java
crates/testing/src/integration/integration_test_case.rs	d664e0df0e47009d	Apache-2.0	closure:test/com/google/javascript/jscomp/integration/IntegrationTestCase.java
crates/testing/src/integration/mod.rs	322fc2ba37b98b96	Apache-2.0	-
crates/testing/src/jscomp_api.rs	0144d51bcb22c7a1	Apache-2.0	closure:src/com/google/javascript/jscomp/BlackHoleErrorManager.java; closure:test/com/google/javascript/jscomp/CompilerTestCase.java; closure:test/com/google/javascript/jscomp/CompilerTestCaseUtils.java
crates/testing/src/json.rs	322fc2ba37b98b96	Apache-2.0	-
crates/testing/src/lib.rs	322fc2ba37b98b96	Apache-2.0	-
crates/testing/src/modules_test_utils.rs	a0650cc16133c7b3	Apache-2.0	closure:test/com/google/javascript/jscomp/ModulesTestUtils.java
crates/testing/src/node_printing.rs	8ed75a7a24aafcd2	(MPL-1.1 OR GPL-2.0-or-later)	closure:src/com/google/javascript/rhino/jstype/JSType.java; closure:src/com/google/javascript/rhino/Node.java
crates/testing/src/post_call.rs	322fc2ba37b98b96	Apache-2.0	-
crates/testing/src/proto_neutral.rs	7da16f91059d0e13	Apache-2.0	own:UnitRecorder.java (oracle/patches/0002-recording-hooks.patch)
crates/testing/src/proto_neutral_jdk.rs	c0aa46ca6665dd1c	GPL-2.0-only WITH Classpath-exception-2.0	jdk:java.base/java/lang/String.java; jdk:java.base/java/util/Base64.java
crates/testing/src/reader.rs	322fc2ba37b98b96	Apache-2.0	-
crates/testing/src/record.rs	322fc2ba37b98b96	Apache-2.0	-
crates/testing/src/replay/alpha_integration_natives.rs	22a1812e16448e26	Apache-2.0	own:oracle/replay/src/com/google/javascript/jscomp/ReplayDsl.java; closure:src/com/google/javascript/jscomp/TranspileAndOptimizeClosureUnaware.java
crates/testing/src/replay/api_passes_helpers.rs	c7299edf417890f3	Apache-2.0	own:oracle/replay/src/com/google/javascript/jscomp/ReplayDsl.java; own:oracle/replay/src/com/google/javascript/jscomp/ReplayValues.java; closure:src/com/google/javascript/jscomp/AliasStrings.java; closure:src/com/google/javascript/jscomp/FunctionRewriter.java; closure:src/com/google/javascript/jscomp/ExportTestFunctions.java; closure:src/com/google/javascript/jscomp/CompilerPass.java; closure:src/com/google/javascript/jscomp/ProcessTweaks.java; closure:src/com/google/javascript/jscomp/StripCode.java; closure:src/com/google/javascript/jscomp/ExternExportsPass.java
crates/testing/src/replay/ast_validator_test_helpers.rs	6f76f6652c63aef7	Apache-2.0	own:oracle/replay/src/com/google/javascript/jscomp/ReplayDsl.java; own:oracle/replay/src/com/google/javascript/jscomp/ReplayValues.java; closure:test/com/google/javascript/jscomp/AstValidatorTest.java; closure:src/com/google/javascript/jscomp/AstValidator.java
crates/testing/src/replay/check_reg_exp_test_helpers.rs	8f1a9e3e960cf3ef	Apache-2.0	own:oracle/replay/src/com/google/javascript/jscomp/ReplayDsl.java; closure:test/com/google/javascript/jscomp/CheckRegExpTest.java; own:oracle/replay/src/com/google/javascript/jscomp/ReplayValues.java; closure:src/com/google/javascript/jscomp/CheckRegExp.java
crates/testing/src/replay/closure_unaware_phase_optimizer_test_helpers.rs	a8a5e04a99750764	Apache-2.0	own:oracle/replay/src/com/google/javascript/jscomp/ReplayDsl.java; own:oracle/replay/src/com/google/javascript/jscomp/ReplayValues.java; closure:src/com/google/javascript/jscomp/NodeTraversal.java; closure:test/com/google/javascript/jscomp/ClosureUnawarePhaseOptimizerTest.java; closure:src/com/google/javascript/jscomp/CompilerPass.java
crates/testing/src/replay/combined_compiler_pass_natives.rs	8f7b2a6c5205a56c	Apache-2.0	closure:src/com/google/javascript/jscomp/CombinedCompilerPass.java
crates/testing/src/replay/create_synthetic_blocks_test_helpers.rs	637305129c124d09	Apache-2.0	closure:test/com/google/javascript/jscomp/CreateSyntheticBlocksTest.java; own:oracle/replay/src/com/google/javascript/jscomp/ReplayDsl.java; own:oracle/replay/src/com/google/javascript/jscomp/ReplayValues.java
crates/testing/src/replay/cross_chunk.rs	3874c8f1ce6226d0	Apache-2.0	own:oracle/replay/src/com/google/javascript/jscomp/ReplayDsl.java; closure:src/com/google/javascript/jscomp/CrossChunkCodeMotion.java; closure:src/com/google/javascript/jscomp/IdGenerator.java; closure:src/com/google/javascript/jscomp/CrossChunkMethodMotion.java
crates/testing/src/replay/cross_chunk_reference_collector_helpers.rs	8cb6625b12ddddb4	Apache-2.0	own:oracle/replay/src/com/google/javascript/jscomp/ReplayDsl.java; own:oracle/replay/src/com/google/javascript/jscomp/ReplayValues.java; closure:src/com/google/javascript/jscomp/BasicBlock.java; closure:src/com/google/javascript/jscomp/Reference.java; closure:src/com/google/javascript/jscomp/ReferenceCollection.java; closure:src/com/google/javascript/jscomp/CrossChunkReferenceCollector.java; own:UnitRecorder.java (oracle/patches/0002-recording-hooks.patch); closure:src/com/google/javascript/jscomp/AbstractVar.java; closure:test/com/google/javascript/jscomp/CrossChunkReferenceCollectorTest.java
crates/testing/src/replay/disambiguate_test_helpers.rs	6602a8d3e6e115b0	Apache-2.0	own:oracle/replay/src/com/google/javascript/jscomp/ReplayDsl.java; own:oracle/replay/src/com/google/javascript/jscomp/ReplayValues.java; closure:src/com/google/javascript/jscomp/disambiguate/AmbiguateProperties.java; closure:src/com/google/javascript/jscomp/disambiguate/DisambiguateProperties.java; own:UnitRecorder.java (oracle/patches/0002-recording-hooks.patch); closure:test/com/google/javascript/jscomp/disambiguate/DisambiguatePropertiesTest.java; closure:test/com/google/javascript/jscomp/disambiguate/ColorFindPropertyReferencesTest.java; closure:test/com/google/javascript/jscomp/disambiguate/ColorGraphBuilderTest.java
crates/testing/src/replay/es6_rewrite_generators_test_helpers.rs	b41739966c4eec6a	Apache-2.0	own:oracle/replay/src/com/google/javascript/jscomp/ReplayDsl.java; own:oracle/replay/src/com/google/javascript/jscomp/ReplayValues.java; closure:test/com/google/javascript/jscomp/Es6RewriteGeneratorsTest.java
crates/testing/src/replay/extern_exports_pass_test_helpers.rs	261c9d63aea0cfac	Apache-2.0	own:oracle/replay/src/com/google/javascript/jscomp/ReplayDsl.java; own:oracle/replay/src/com/google/javascript/jscomp/ReplayValues.java; closure:test/com/google/javascript/jscomp/ExternExportsPassTest.java; own:UnitRecorder.java (oracle/patches/0002-recording-hooks.patch); closure:test/com/google/javascript/jscomp/CompilerTestCase.java
crates/testing/src/replay/gather_extern_properties_test_helpers.rs	69341597f62d737c	Apache-2.0	closure:src/com/google/javascript/jscomp/GatherExternProperties.java; own:oracle/replay/src/com/google/javascript/jscomp/ReplayDsl.java; own:oracle/replay/src/com/google/javascript/jscomp/ReplayValues.java; closure:test/com/google/javascript/jscomp/GatherExternPropertiesTest.java
crates/testing/src/replay/ijs_natives.rs	9e22b9c8f265a6dd	Apache-2.0	own:oracle/replay/src/com/google/javascript/jscomp/ReplayDsl.java; closure:src/com/google/javascript/jscomp/ijs/ConvertToTypedInterface.java; closure:src/com/google/javascript/jscomp/ExtraRequireRemover.java
crates/testing/src/replay/infer_consts_test_helpers.rs	e89f2a2a0d614655	Apache-2.0	own:oracle/replay/src/com/google/javascript/jscomp/ReplayDsl.java; own:oracle/replay/src/com/google/javascript/jscomp/ReplayValues.java; closure:test/com/google/javascript/jscomp/InferConstsTest.java; closure:src/com/google/javascript/jscomp/NodeTraversal.java
crates/testing/src/replay/inline_and_collapse_properties_helpers.rs	f0ca7307f289e704	Apache-2.0	own:oracle/replay/src/com/google/javascript/jscomp/ReplayDsl.java; own:oracle/replay/src/com/google/javascript/jscomp/ReplayValues.java; closure:src/com/google/javascript/jscomp/InlineAndCollapseProperties.java; closure:src/com/google/javascript/jscomp/Es6NormalizeClasses.java; closure:test/com/google/javascript/jscomp/CompilerTestCase.java; closure:src/com/google/javascript/jscomp/PhaseOptimizer.java; closure:test/com/google/javascript/jscomp/CollapsePropertiesTest.java; closure:test/com/google/javascript/jscomp/InlineAndCollapsePropertiesTest.java; closure:test/com/google/javascript/jscomp/AggressiveInlineAliasesTest.java; closure:test/com/google/javascript/jscomp/CollapsePropertiesAndModuleRewritingTest.java; closure:src/com/google/javascript/jscomp/CompilerPass.java
crates/testing/src/replay/inline_functions_test_helpers.rs	30924a2dced0843a	Apache-2.0	closure:test/com/google/javascript/jscomp/InlineFunctionsTest.java; closure:src/com/google/javascript/jscomp/InlineFunctions.java
crates/testing/src/replay/inline_variables_helpers.rs	42abafec67af6333	Apache-2.0	closure:src/com/google/javascript/jscomp/InlineVariables.java; closure:src/com/google/javascript/jscomp/FlowSensitiveInlineVariables.java
crates/testing/src/replay/integration_test_helpers.rs	19888c989fc3b87b	Apache-2.0	own:oracle/replay/src/com/google/javascript/jscomp/ReplayDsl.java; closure:test/com/google/javascript/jscomp/integration/IntegrationTest.java
crates/testing/src/replay/js_type_serialization_test_helpers.rs	9f05a46e32b21ed8	Apache-2.0	own:oracle/replay/src/com/google/javascript/jscomp/ReplayDsl.java; own:oracle/replay/src/com/google/javascript/jscomp/ReplayValues.java; closure:test/com/google/javascript/jscomp/serialization/JSTypeColorIdHasherTest.java; closure:test/com/google/javascript/jscomp/serialization/JSTypeReconserializerTest.java
crates/testing/src/replay/locale_data_passes_test_helpers.rs	133a59cc929a3ac6	Apache-2.0	closure:test/com/google/javascript/jscomp/LocaleDataPassesTest.java; own:oracle/replay/src/com/google/javascript/jscomp/ReplayDsl.java; own:oracle/replay/src/com/google/javascript/jscomp/ReplayValues.java
crates/testing/src/replay/make_declared_names_unique_helpers.rs	a3ec4d497b9dcecc	Apache-2.0	closure:test/com/google/javascript/jscomp/MakeDeclaredNamesUniqueTest.java
crates/testing/src/replay/manage_closure_unaware_code_test_helpers.rs	7cee3ca0fbe42722	Apache-2.0	own:oracle/replay/src/com/google/javascript/jscomp/ReplayDsl.java; own:oracle/replay/src/com/google/javascript/jscomp/ReplayValues.java; closure:test/com/google/javascript/jscomp/ManageClosureUnawareCodeTest.java
crates/testing/src/replay/mod.rs	322fc2ba37b98b96	Apache-2.0	-
crates/testing/src/replay/multi_pass_test_helpers.rs	feab2f59b1c1851d	Apache-2.0	own:oracle/replay/src/com/google/javascript/jscomp/ReplayDsl.java; closure:test/com/google/javascript/jscomp/MultiPassTest.java; own:oracle/replay/src/com/google/javascript/jscomp/ReplayValues.java
crates/testing/src/replay/native_access_controls.rs	77b04c0913065e03	Apache-2.0	own:oracle/replay/src/com/google/javascript/jscomp/ReplayDsl.java; own:oracle/replay/src/com/google/javascript/jscomp/ReplayValues.java; closure:src/com/google/javascript/jscomp/CheckAccessControls.java; closure:src/com/google/javascript/jscomp/ImplicitNullabilityCheck.java; closure:src/com/google/javascript/jscomp/lint/CheckArrayWithGoogObject.java; closure:src/com/google/javascript/jscomp/lint/CheckNestedNames.java
crates/testing/src/replay/native_closure_primitives.rs	dfae5a3ff1808418	Apache-2.0	own:oracle/replay/src/com/google/javascript/jscomp/ReplayDsl.java; own:UnitRecorder.java (oracle/patches/0002-recording-hooks.patch); closure:src/com/google/javascript/jscomp/CompilerPass.java; closure:src/com/google/javascript/jscomp/Compiler.java; closure:src/com/google/javascript/jscomp/ProcessClosurePrimitives.java; closure:src/com/google/javascript/jscomp/ClosureCheckModule.java; closure:src/com/google/javascript/jscomp/CheckClosureImports.java; closure:src/com/google/javascript/jscomp/ScopedAliases.java; closure:src/com/google/javascript/jscomp/modules/ModuleMetadataMap.java
crates/testing/src/replay/native_closure_rewrite_module.rs	14d334ea3ffe3398	Apache-2.0	own:oracle/replay/src/com/google/javascript/jscomp/ReplayDsl.java; closure:src/com/google/javascript/jscomp/ClosureRewriteModule.java; closure:src/com/google/javascript/jscomp/CheckMissingRequires.java
crates/testing/src/replay/native_conformance.rs	3478e0a9572773a5	Apache-2.0	own:oracle/replay/src/com/google/javascript/jscomp/ReplayDsl.java; closure:src/com/google/javascript/jscomp/conformance/conformance.proto; closure:src/com/google/javascript/jscomp/CheckConformance.java
crates/testing/src/replay/native_dead_assignments.rs	9c5234a0d45a7cfa	Apache-2.0	own:oracle/replay/src/com/google/javascript/jscomp/ReplayDsl.java; own:oracle/replay/src/com/google/javascript/jscomp/ReplayValues.java; closure:test/com/google/javascript/jscomp/DeadAssignmentsEliminationTest.java; closure:src/com/google/javascript/jscomp/DeadPropertyAssignmentElimination.java; closure:test/com/google/javascript/jscomp/CoalesceVariableNamesTest.java; closure:src/com/google/javascript/jscomp/CompilerPass.java
crates/testing/src/replay/native_es_modules.rs	18f014611bfa7112	Apache-2.0	own:oracle/replay/src/com/google/javascript/jscomp/ReplayDsl.java; own:UnitRecorder.java (oracle/patches/0002-recording-hooks.patch); closure:src/com/google/javascript/jscomp/Compiler.java; closure:src/com/google/javascript/jscomp/CompilerPass.java; closure:src/com/google/javascript/jscomp/ForbidDynamicImportUsage.java; closure:src/com/google/javascript/jscomp/Es6RelativizeImportPaths.java; closure:src/com/google/javascript/jscomp/Es6RewriteModulesToCommonJsModules.java; closure:src/com/google/javascript/jscomp/Es6RewriteModules.java; closure:src/com/google/javascript/jscomp/modules/ModuleMapCreator.java
crates/testing/src/replay/native_factories.rs	547bd906a1135ae1	Apache-2.0	own:oracle/replay/src/com/google/javascript/jscomp/ReplayDsl.java; closure:test/com/google/javascript/jscomp/CompilerTestCase.java
crates/testing/src/replay/native_finalize_rename.rs	ad0c8d085bfb7672	Apache-2.0	own:oracle/replay/src/com/google/javascript/jscomp/ReplayDsl.java; own:oracle/replay/src/com/google/javascript/jscomp/ReplayValues.java; closure:src/com/google/javascript/jscomp/VariableMap.java; closure:src/com/google/javascript/jscomp/CollapseAnonymousFunctions.java; own:UnitRecorder.java (oracle/patches/0002-recording-hooks.patch); closure:src/com/google/javascript/jscomp/Denormalize.java; closure:src/com/google/javascript/jscomp/Normalize.java; closure:src/com/google/javascript/jscomp/CollapseVariableDeclarations.java; closure:src/com/google/javascript/jscomp/ConvertToDottedProperties.java; closure:src/com/google/javascript/jscomp/ExtractPrototypeMemberDeclarations.java; closure:src/com/google/javascript/jscomp/RemovePropertyRenamingCalls.java; closure:src/com/google/javascript/jscomp/SubstituteEs6Syntax.java; closure:src/com/google/javascript/jscomp/GatherRawExports.java; closure:src/com/google/javascript/jscomp/RenameVars.java; closure:test/com/google/javascript/jscomp/RenameVarsTest.java; closure:src/com/google/javascript/jscomp/RenameProperties.java; closure:test/com/google/javascript/jscomp/RenamePropertiesTest.java
crates/testing/src/replay/native_lint.rs	ded8f3fda79099c9	Apache-2.0	own:oracle/replay/src/com/google/javascript/jscomp/ReplayDsl.java; closure:src/com/google/javascript/jscomp/lint/CheckExtraRequires.java; own:oracle/replay/src/com/google/javascript/jscomp/ReplayValues.java; closure:test/com/google/javascript/jscomp/lint/CheckProvidesSortedTest.java; closure:test/com/google/javascript/jscomp/lint/CheckRequiresSortedTest.java
crates/testing/src/replay/native_peephole.rs	b4868cc64c093385	Apache-2.0	own:oracle/replay/src/com/google/javascript/jscomp/ReplayDsl.java; closure:src/com/google/javascript/jscomp/PeepholeOptimizationsPass.java; closure:src/com/google/javascript/jscomp/MinimizeExitPoints.java; closure:src/com/google/javascript/jscomp/PeepholeRemoveDeadCode.java; closure:src/com/google/javascript/jscomp/PeepholeFoldConstants.java; closure:src/com/google/javascript/jscomp/PeepholeCollectPropertyAssignments.java; closure:src/com/google/javascript/jscomp/PeepholeMinimizeConditions.java; closure:src/com/google/javascript/jscomp/PeepholeSubstituteAlternateSyntax.java; closure:src/com/google/javascript/jscomp/PeepholeReplaceKnownMethods.java; closure:src/com/google/javascript/jscomp/StatementFusion.java; closure:src/com/google/javascript/jscomp/ExploitAssigns.java; closure:src/com/google/javascript/jscomp/OptimizeLetAndConstPeephole.java; own:oracle/replay/src/com/google/javascript/jscomp/ReplayValues.java; closure:test/com/google/javascript/jscomp/PeepholeOptimizationsPassTest.java
crates/testing/src/replay/native_registry.rs	30a06470a14c6692	Apache-2.0	own:oracle/replay/src/com/google/javascript/jscomp/ReplayDsl.java; closure:src/com/google/javascript/jscomp/GenerateExports.java; closure:src/com/google/javascript/jscomp/AngularPass.java; closure:src/com/google/javascript/jscomp/ClosureOptimizePrimitives.java; closure:src/com/google/javascript/jscomp/ClosureCodeRemoval.java; closure:src/com/google/javascript/jscomp/ReplaceToggles.java; closure:src/com/google/javascript/jscomp/GatherGetterAndSetterProperties.java; closure:src/com/google/javascript/jscomp/Compiler.java; closure:src/com/google/javascript/jscomp/ChangeTracker.java; closure:src/com/google/javascript/jscomp/CompilerInput.java; closure:src/com/google/javascript/jscomp/CompilerOptions.java; closure:src/com/google/javascript/jscomp/SyntacticScopeCreator.java; closure:src/com/google/javascript/jscomp/Normalize.java; closure:src/com/google/javascript/jscomp/MakeDeclaredNamesUnique.java; closure:src/com/google/javascript/jscomp/RewriteAsyncFunctions.java; closure:src/com/google/javascript/jscomp/RewriteAsyncIteration.java; closure:src/com/google/javascript/jscomp/InjectTranspilationRuntimeLibraries.java; closure:src/com/google/javascript/jscomp/RenameLabels.java; own:oracle/replay/src/com/google/javascript/jscomp/ReplayValues.java; closure:src/com/google/javascript/jscomp/GatherModuleMetadata.java; closure:src/com/google/javascript/jscomp/Es6RewriteScriptsToModules.java; closure:src/com/google/javascript/jscomp/WhitespaceWrapGoogModules.java; closure:src/com/google/javascript/jscomp/ProcessCommonJSModules.java; closure:src/com/google/javascript/jscomp/DefaultNameGenerator.java; closure:src/com/google/javascript/jscomp/NodeTraversal.java; closure:src/com/google/javascript/jscomp/NodeUtil.java; closure:src/com/google/javascript/jscomp/PhaseOptimizer.java; closure:src/com/google/javascript/jscomp/RescopeGlobalSymbols.java; closure:src/com/google/javascript/jscomp/ConvertChunksToESModules.java; closure:src/com/google/javascript/jscomp/RewriteGlobalDeclarationsForTryCatchWrapping.java; closure:src/com/google/javascript/jscomp/J2clSourceFileChecker.java; closure:src/com/google/javascript/jscomp/J2clChecksPass.java; closure:src/com/google/javascript/jscomp/RemoveCastNodes.java; closure:src/com/google/javascript/jscomp/RemoveWeakSources.java; closure:src/com/google/javascript/jscomp/ConcretizeStaticInheritanceForInlining.java
crates/testing/src/replay/native_type_check.rs	6ca69ce378ccd37a	Apache-2.0	own:oracle/replay/src/com/google/javascript/jscomp/ReplayDsl.java; closure:src/com/google/javascript/jscomp/type/SemanticReverseAbstractInterpreter.java; closure:src/com/google/javascript/jscomp/TypeCheck.java; own:oracle/replay/src/com/google/javascript/jscomp/ReplayValues.java
crates/testing/src/replay/native_type_inference.rs	7b81c5333d4fa67b	Apache-2.0	own:oracle/replay/src/com/google/javascript/jscomp/ReplayDsl.java; own:UnitRecorder.java (oracle/patches/0002-recording-hooks.patch); closure:src/com/google/javascript/jscomp/Compiler.java; closure:src/com/google/javascript/jscomp/InferJSDocInfo.java; closure:src/com/google/javascript/jscomp/TypedScopeCreator.java; closure:src/com/google/javascript/jscomp/TypeInferencePass.java; own:oracle/replay/src/com/google/javascript/jscomp/ReplayValues.java
crates/testing/src/replay/native_unported.rs	e9928d4d80fe6c79	Apache-2.0	own:oracle/replay/src/com/google/javascript/jscomp/ReplayMain.java
crates/testing/src/replay/normalize_test_helpers.rs	98679f0ae8dff402	Apache-2.0	closure:test/com/google/javascript/jscomp/NormalizeTest.java
crates/testing/src/replay/optimize_calls_helpers.rs	d964767556b74a30	Apache-2.0	own:oracle/replay/src/com/google/javascript/jscomp/ReplayDsl.java; closure:src/com/google/javascript/jscomp/OptimizeCalls.java; closure:src/com/google/javascript/jscomp/PureFunctionIdentifier.java; closure:test/com/google/javascript/jscomp/OptimizeCallsTest.java; own:UnitRecorder.java (oracle/patches/0002-recording-hooks.patch)
crates/testing/src/replay/optimize_calls_task_helpers.rs	2d78bcad26c40204	Apache-2.0	own:oracle/replay/src/com/google/javascript/jscomp/ReplayDsl.java; closure:src/com/google/javascript/jscomp/OptimizeReturns.java; closure:src/com/google/javascript/jscomp/OptimizeParameters.java; closure:src/com/google/javascript/jscomp/OptimizeConstructors.java; closure:src/com/google/javascript/jscomp/InlineSimpleMethods.java; closure:src/com/google/javascript/jscomp/InlineProperties.java; closure:src/com/google/javascript/jscomp/InlineObjectLiterals.java; closure:src/com/google/javascript/jscomp/OptimizeCalls.java; closure:src/com/google/javascript/jscomp/DevirtualizeMethods.java; closure:test/com/google/javascript/jscomp/InlinePropertiesTest.java; closure:test/com/google/javascript/jscomp/OptimizeCallsIntegrationTest.java
crates/testing/src/replay/options_fields.rs	a5e244d5c6849c54	Apache-2.0	own:oracle/replay/src/com/google/javascript/jscomp/ReplayOptions.java; own:oracle/replay/src/com/google/javascript/jscomp/ReplayValues.java; own:UnitRecorder.java (oracle/patches/0002-recording-hooks.patch); closure:src/com/google/javascript/jscomp/CompilerOptions.java; closure:src/com/google/javascript/jscomp/deps/ModuleLoader.java; closure:src/com/google/javascript/jscomp/parsing/Config.java
crates/testing/src/replay/options_values.rs	e74b73a18838bfd9	Apache-2.0	own:oracle/replay/src/com/google/javascript/jscomp/ReplayValues.java; own:UnitRecorder.java (oracle/patches/0002-recording-hooks.patch)
crates/testing/src/replay/polyfills.rs	a72b3d1b7ecbb363	Apache-2.0	own:oracle/replay/src/com/google/javascript/jscomp/ReplayDsl.java; closure:src/com/google/javascript/jscomp/PolyfillUsageFinder.java; closure:src/com/google/javascript/jscomp/RewritePolyfills.java; closure:src/com/google/javascript/jscomp/IsolatePolyfills.java; closure:test/com/google/javascript/jscomp/GuardedCallbackTest.java; closure:test/com/google/javascript/jscomp/RewritePolyfillsTest.java
crates/testing/src/replay/process_closure_provides_and_requires_test_helpers.rs	1daef3870df210df	Apache-2.0	own:oracle/replay/src/com/google/javascript/jscomp/ReplayDsl.java; own:oracle/replay/src/com/google/javascript/jscomp/ReplayValues.java; closure:test/com/google/javascript/jscomp/ProcessClosureProvidesAndRequiresTest.java; own:UnitRecorder.java (oracle/patches/0002-recording-hooks.patch); closure:src/com/google/javascript/jscomp/AbstractCompiler.java
crates/testing/src/replay/process_defines_test_helpers.rs	f1c0994e7c3683e1	Apache-2.0	own:UnitRecorder.java (oracle/patches/0002-recording-hooks.patch); own:oracle/replay/src/com/google/javascript/jscomp/ReplayValues.java; closure:test/com/google/javascript/jscomp/ProcessDefinesTest.java; own:oracle/replay/src/com/google/javascript/jscomp/ReplayDsl.java; closure:src/com/google/javascript/jscomp/ProcessDefines.java
crates/testing/src/replay/proto_values.rs	e74b73a18838bfd9	Apache-2.0	own:UnitRecorder.java (oracle/patches/0002-recording-hooks.patch); own:oracle/replay/src/com/google/javascript/jscomp/ReplayValues.java
crates/testing/src/replay/pure_function_identifier_helpers.rs	41d4f7c05c0146de	Apache-2.0	closure:test/com/google/javascript/jscomp/PureFunctionIdentifierTest.java; closure:test/com/google/javascript/jscomp/CompilerTestCase.java; closure:src/com/google/javascript/jscomp/NodeTraversal.java; closure:src/com/google/javascript/jscomp/testing/JSCompCorrespondences.java
crates/testing/src/replay/reference_collector_test_helpers.rs	7d5ff723a72fc8bc	Apache-2.0	own:oracle/replay/src/com/google/javascript/jscomp/ReplayDsl.java; own:oracle/replay/src/com/google/javascript/jscomp/ReplayValues.java; closure:src/com/google/javascript/jscomp/ReferenceCollector.java; own:oracle/replay/helpers/com/google/javascript/jscomp/ReferenceCollectorTest_Helpers.java; closure:src/com/google/javascript/jscomp/AbstractVar.java; closure:src/com/google/javascript/jscomp/ReferenceCollection.java; closure:src/com/google/javascript/jscomp/Reference.java; closure:src/com/google/javascript/jscomp/Scope.java; closure:src/com/google/javascript/jscomp/ReferenceMap.java
crates/testing/src/replay/registry.rs	6c5cf44fa82bab44	Apache-2.0	own:oracle/replay/src/com/google/javascript/jscomp/ReplayDsl.java; own:oracle/replay/src/com/google/javascript/jscomp/ReplayMain.java; closure:test/com/google/javascript/jscomp/CompilerTestCase.java; own:oracle/replay/src/com/google/javascript/jscomp/ReplayValues.java
crates/testing/src/replay/remove_unused_code_helpers.rs	f9ba8b6cf6b9b31c	Apache-2.0	own:oracle/replay/src/com/google/javascript/jscomp/ReplayDsl.java; closure:src/com/google/javascript/jscomp/RemoveUnusedCode.java; closure:test/com/google/javascript/jscomp/RemoveUnusedCodeTest.java; closure:src/com/google/javascript/jscomp/CompilerPass.java; closure:test/com/google/javascript/jscomp/RemoveUnusedCodeNameAnalyzerTest.java
crates/testing/src/replay/replace_css_names_test_helpers.rs	9e24a97aba5846db	Apache-2.0	closure:test/com/google/javascript/jscomp/ReplaceCssNamesTest.java; closure:src/com/google/javascript/jscomp/CssRenamingMap.java; own:UnitRecorder.java (oracle/patches/0002-recording-hooks.patch); own:oracle/replay/src/com/google/javascript/jscomp/ReplayValues.java; closure:src/com/google/javascript/jscomp/ReplaceCssNames.java
crates/testing/src/replay/replace_id_generators_test_helpers.rs	b4a8188ea4524080	Apache-2.0	closure:test/com/google/javascript/jscomp/ReplaceIdGeneratorsTest.java; own:UnitRecorder.java (oracle/patches/0002-recording-hooks.patch); closure:src/com/google/javascript/jscomp/ReplaceIdGenerators.java; own:oracle/replay/src/com/google/javascript/jscomp/ReplayDsl.java
crates/testing/src/replay/replace_messages_helpers.rs	426d6d7b398ea42c	Apache-2.0	own:oracle/replay/src/com/google/javascript/jscomp/ReplayValues.java; closure:test/com/google/javascript/jscomp/ReplaceMessagesTest.java; own:oracle/replay/src/com/google/javascript/jscomp/ReplayDsl.java; own:UnitRecorder.java (oracle/patches/0002-recording-hooks.patch); closure:src/com/google/javascript/jscomp/ReplaceMessages.java; closure:src/com/google/javascript/jscomp/GoogleJsMessageIdGenerator.java
crates/testing/src/replay/replace_strings_test_helpers.rs	20daf97a04f52270	Apache-2.0	own:oracle/replay/src/com/google/javascript/jscomp/ReplayValues.java; own:UnitRecorder.java (oracle/patches/0002-recording-hooks.patch); closure:src/com/google/javascript/jscomp/ReplaceStrings.java; own:oracle/replay/src/com/google/javascript/jscomp/ReplayDsl.java; closure:src/com/google/javascript/jscomp/NodeTraversal.java; closure:test/com/google/javascript/jscomp/ReplaceStringsTest.java
crates/testing/src/replay/replay_bridge.rs	51a99d6cd730fad9	Apache-2.0	own:oracle/replay/src/com/google/javascript/jscomp/ReplayBridge.java
crates/testing/src/replay/replay_compiler_test.rs	3fd5ee14fa767ad8	Apache-2.0	own:oracle/replay/src/com/google/javascript/jscomp/ReplayCompilerTest.java; own:oracle/replay/src/com/google/javascript/jscomp/ReplayDsl.java
crates/testing/src/replay/replay_dsl.rs	fffae6389a37e51f	Apache-2.0	own:oracle/replay/src/com/google/javascript/jscomp/ReplayDsl.java; own:UnitRecorder.java (oracle/patches/0002-recording-hooks.patch); own:oracle/replay/src/com/google/javascript/jscomp/ReplayValues.java; closure:src/com/google/javascript/jscomp/CompilerOptions.java
crates/testing/src/replay/replay_integration_test.rs	ae756e318649dc3c	Apache-2.0	own:oracle/replay/src/com/google/javascript/jscomp/integration/ReplayIntegrationTest.java
crates/testing/src/replay/replay_main.rs	22f3e0db2a110353	Apache-2.0	own:oracle/replay/src/com/google/javascript/jscomp/ReplayCompilerTest.java; own:oracle/replay/src/com/google/javascript/jscomp/ReplayMain.java
crates/testing/src/replay/replay_options.rs	eb3a54063defa0d2	Apache-2.0	own:oracle/replay/src/com/google/javascript/jscomp/ReplayOptions.java
crates/testing/src/replay/replay_type_check_test.rs	564f637dcb2eb8be	Apache-2.0	own:oracle/replay/src/com/google/javascript/jscomp/ReplayTypeCheckTest.java
crates/testing/src/replay/replay_values.rs	2799dad6353920bd	Apache-2.0	own:oracle/replay/src/com/google/javascript/jscomp/ReplayValues.java; closure:src/com/google/javascript/jscomp/CheckLevel.java; own:UnitRecorder.java (oracle/patches/0002-recording-hooks.patch)
crates/testing/src/replay/rewrite_dynamic_imports_test_helpers.rs	c86c2254351bb7e1	Apache-2.0	closure:test/com/google/javascript/jscomp/RewriteDynamicImportsTest.java; own:oracle/replay/src/com/google/javascript/jscomp/ReplayDsl.java; own:UnitRecorder.java (oracle/patches/0002-recording-hooks.patch)
crates/testing/src/replay/rewrite_goog_js_imports_helpers.rs	4bf9960ae9c7deae	Apache-2.0	closure:test/com/google/javascript/jscomp/RewriteGoogJsImportsTest.java; closure:test/com/google/javascript/jscomp/CheckGoogJsImportTest.java
crates/testing/src/replay/scoped_aliases_test_helpers.rs	3a1913e58e266009	Apache-2.0	closure:test/com/google/javascript/jscomp/ScopedAliasesTest.java; own:UnitRecorder.java (oracle/patches/0002-recording-hooks.patch)
crates/testing/src/replay/serialize_typed_ast_pass_helpers.rs	0b6de31159913243	Apache-2.0	closure:test/com/google/javascript/jscomp/serialization/SerializeTypedAstPassTest.java; own:oracle/replay/src/com/google/javascript/jscomp/ReplayDsl.java; own:oracle/replay/src/com/google/javascript/jscomp/ReplayValues.java; own:UnitRecorder.java (oracle/patches/0002-recording-hooks.patch); closure:test/com/google/javascript/jscomp/serialization/SerializeAndDeserializeAstTest.java; closure:src/com/google/javascript/jscomp/serialization/SerializationOptions.java; closure:src/com/google/javascript/jscomp/serialization/SerializeTypedAstPass.java
crates/testing/src/replay/suspicious_checks_natives.rs	c36ea29a0f783dad	Apache-2.0	own:oracle/replay/src/com/google/javascript/jscomp/ReplayDsl.java; own:oracle/replay/src/com/google/javascript/jscomp/ReplayValues.java; closure:src/com/google/javascript/jscomp/CheckDebuggerStatement.java; closure:src/com/google/javascript/jscomp/lint/CheckDuplicateCase.java; closure:src/com/google/javascript/jscomp/CheckGlobalThis.java; closure:src/com/google/javascript/jscomp/CheckJSDoc.java; closure:src/com/google/javascript/jscomp/CheckMissingReturn.java; closure:src/com/google/javascript/jscomp/CheckSideEffects.java; closure:src/com/google/javascript/jscomp/CheckSuper.java; closure:src/com/google/javascript/jscomp/CheckSuspiciousCode.java; closure:src/com/google/javascript/jscomp/CheckTypeImportCodeReferences.java; closure:src/com/google/javascript/jscomp/CheckUnreachableCode.java; closure:src/com/google/javascript/jscomp/Es6CheckModule.java; closure:src/com/google/javascript/jscomp/RewriteCallerCodeLocation.java
crates/testing/src/replay/transpile_es2015_natives.rs	f5ca551511be0614	Apache-2.0	own:oracle/replay/src/com/google/javascript/jscomp/ReplayDsl.java; own:oracle/replay/src/com/google/javascript/jscomp/ReplayValues.java; closure:test/com/google/javascript/jscomp/CompilerTestCase.java; closure:src/com/google/javascript/jscomp/Es6RewriteArrowFunction.java; closure:test/com/google/javascript/jscomp/Es6ConvertSuperTest.java; closure:test/com/google/javascript/jscomp/Es6RewriteClassTest.java; closure:test/com/google/javascript/jscomp/Es6RewriteDestructuringTest.java; closure:src/com/google/javascript/jscomp/InjectTranspilationRuntimeLibraries.java; closure:test/com/google/javascript/jscomp/Es6RewriteRestParametersTest.java; closure:test/com/google/javascript/jscomp/Es6RewriteSpreadExpressionsTest.java
crates/testing/src/replay/transpile_infra_natives.rs	f860e2037ef824ac	Apache-2.0	own:oracle/replay/src/com/google/javascript/jscomp/ReplayDsl.java; own:oracle/replay/src/com/google/javascript/jscomp/ReplayValues.java; own:UnitRecorder.java (oracle/patches/0002-recording-hooks.patch); closure:src/com/google/javascript/jscomp/ReportUntranspilableFeatures.java; closure:src/com/google/javascript/jscomp/RewriteCatchWithNoBinding.java; closure:src/com/google/javascript/jscomp/RewriteNewDotTarget.java; closure:src/com/google/javascript/jscomp/Es6NormalizeShorthandProperties.java; closure:src/com/google/javascript/jscomp/PeepholeTranspilationsPass.java; closure:src/com/google/javascript/jscomp/Es6NormalizeClasses.java; closure:test/com/google/javascript/jscomp/CompilerTestCase.java; closure:test/com/google/javascript/jscomp/Es6NormalizeShorthandPropertiesTest.java
crates/testing/src/replay/transpile_misc_natives.rs	89392450ac55dc95	Apache-2.0	own:oracle/replay/src/com/google/javascript/jscomp/ReplayDsl.java; closure:src/com/google/javascript/jscomp/Es6RewriteBlockScopedDeclaration.java; closure:src/com/google/javascript/jscomp/Es6RewriteBlockScopedFunctionDeclaration.java; closure:src/com/google/javascript/jscomp/Es6ForOfConverter.java; closure:src/com/google/javascript/jscomp/Es7RewriteExponentialOperator.java; closure:src/com/google/javascript/jscomp/LateEs6ToEs3Converter.java; closure:src/com/google/javascript/jscomp/RewriteLogicalAssignmentOperatorsPass.java; closure:src/com/google/javascript/jscomp/RewriteNullishCoalesceOperator.java; closure:src/com/google/javascript/jscomp/RewriteObjectSpread.java; closure:src/com/google/javascript/jscomp/VarCheck.java; closure:test/com/google/javascript/jscomp/RewriteOptionalChainingOperatorTest.java; closure:src/com/google/javascript/jscomp/RewriteOptionalChainingOperator.java; closure:test/com/google/javascript/jscomp/Es6ForOfConverterTest.java; closure:test/com/google/javascript/jscomp/Es6TemplateLiteralsTest.java; closure:test/com/google/javascript/jscomp/Es6TranspilationIntegrationTest.java; closure:test/com/google/javascript/jscomp/InstrumentAsyncContextTest.java
crates/testing/src/replay/type_check_function_check_test_helpers.rs	d0f8f432669fa623	Apache-2.0	own:oracle/replay/src/com/google/javascript/jscomp/ReplayDsl.java; own:oracle/replay/src/com/google/javascript/jscomp/ReplayValues.java; closure:test/com/google/javascript/jscomp/TypeCheckFunctionCheckTest.java
crates/testing/src/replay/type_validator_test_helpers.rs	3aea6505056ce2ea	Apache-2.0	own:oracle/replay/src/com/google/javascript/jscomp/ReplayDsl.java; own:oracle/replay/src/com/google/javascript/jscomp/ReplayValues.java; closure:test/com/google/javascript/jscomp/TypeValidatorTest.java
crates/testing/src/replay/typed_ast_serializer_test_helpers.rs	c116092f7760a9d5	Apache-2.0	own:oracle/replay/src/com/google/javascript/jscomp/ReplayDsl.java; own:oracle/replay/src/com/google/javascript/jscomp/ReplayValues.java; closure:test/com/google/javascript/jscomp/serialization/TypedAstSerializerTest.java
crates/testing/src/replay/typed_scope_creator_test_helpers.rs	5d99377abebee768	Apache-2.0	closure:test/com/google/javascript/jscomp/TypedScopeCreatorTest.java; own:oracle/replay/src/com/google/javascript/jscomp/ReplayDsl.java; own:oracle/replay/src/com/google/javascript/jscomp/ReplayValues.java; own:UnitRecorder.java (oracle/patches/0002-recording-hooks.patch); closure:src/com/google/javascript/jscomp/NodeTraversal.java
crates/testing/src/replay/var_checks_helpers.rs	ce16edb00e841e79	Apache-2.0	closure:src/com/google/javascript/jscomp/VariableReferenceCheck.java; closure:src/com/google/javascript/jscomp/StrictModeCheck.java; closure:src/com/google/javascript/jscomp/DeclaredGlobalExternsOnWindow.java; closure:src/com/google/javascript/jscomp/ConstCheck.java; closure:src/com/google/javascript/jscomp/InferConsts.java; closure:src/com/google/javascript/jscomp/CompilerPass.java; closure:test/com/google/javascript/jscomp/VarCheckTest.java; closure:src/com/google/javascript/jscomp/NodeTraversal.java; closure:test/com/google/javascript/jscomp/ValidityCheckTest.java; closure:test/com/google/javascript/jscomp/RemoveUnnecessarySyntheticExternsTest.java; closure:src/com/google/javascript/jscomp/RemoveUnnecessarySyntheticExterns.java
crates/testing/src/stand_in/mod.rs	322fc2ba37b98b96	Apache-2.0	-
crates/testing/src/stand_in/polymer_pass.rs	322fc2ba37b98b96	Apache-2.0	-
crates/testing/src/testing/generator_subject.rs	438d70a345782636	Apache-2.0	closure:src/com/google/javascript/jscomp/testing/GeneratorSubject.java
crates/testing/src/testing/js_chunk_graph_builder.rs	08c81e191799686d	Apache-2.0	closure:src/com/google/javascript/jscomp/testing/JSChunkGraphBuilder.java
crates/testing/src/testing/js_comp_correspondences.rs	da069e01daa2a8d6	Apache-2.0	closure:src/com/google/javascript/jscomp/testing/JSCompCorrespondences.java
crates/testing/src/testing/js_error_subject.rs	33acea86e7c5e72f	Apache-2.0	closure:src/com/google/javascript/jscomp/testing/JSErrorSubject.java
crates/testing/src/testing/mod.rs	322fc2ba37b98b96	Apache-2.0	-
crates/testing/src/testing/scope_subject.rs	e2c70d09e30cfbc2	Apache-2.0	closure:src/com/google/javascript/jscomp/testing/ScopeSubject.java
crates/testing/src/testing/test_error_manager.rs	d43894002500aa37	Apache-2.0	closure:src/com/google/javascript/jscomp/testing/TestErrorManager.java; closure:src/com/google/javascript/jscomp/BasicErrorManager.java; closure:src/com/google/javascript/jscomp/SortingErrorManager.java
crates/testing/src/testing/test_externs_builder.rs	d11e62964959ca3a	Apache-2.0	closure:src/com/google/javascript/jscomp/testing/TestExternsBuilder.java; own:oracle/replay/src/com/google/javascript/jscomp/ReplayDsl.java
crates/testing/src/testing/typed_var_subject.rs	c7d2acae92dcca8b	Apache-2.0	closure:src/com/google/javascript/jscomp/testing/TypedVarSubject.java
crates/testing/src/throwable.rs	322fc2ba37b98b96	Apache-2.0	-
crates/testing/src/type_check_test_case.rs	31ae8bcf5c84d293	Apache-2.0	closure:test/com/google/javascript/jscomp/TypeCheckTestCase.java
crates/testing/src/unit_recorder.rs	0aeaa0b890b09c17	Apache-2.0	own:UnitRecorder.java (oracle/patches/0002-recording-hooks.patch); closure:src/com/google/javascript/jscomp/Compiler.java
crates/testing/src/unit_test_utils.rs	0fd5e472df3ee1b1	Apache-2.0	closure:src/com/google/javascript/jscomp/testing/TestExternsBuilder.java; closure:test/com/google/javascript/jscomp/UnitTestUtils.java
crates/testing/src/value.rs	322fc2ba37b98b96	Apache-2.0	-
crates/testing/tests/access_controls_records.rs	fcc5b7d93f548d40	Apache-2.0	own:oracle/replay/src/com/google/javascript/jscomp/ReplayMain.java; closure:test/com/google/javascript/jscomp/CheckAccessControlsTest.java; closure:test/com/google/javascript/jscomp/CheckAccessControlsOldSyntaxTest.java; closure:test/com/google/javascript/jscomp/ImplicitNullabilityCheckTest.java; closure:test/com/google/javascript/jscomp/lint/CheckNestedNamesTest.java; closure:test/com/google/javascript/jscomp/lint/CheckArrayWithGoogObjectTest.java
crates/testing/tests/alpha_integration_records.rs	8454f1a8656a420c	Apache-2.0	own:oracle/replay/src/com/google/javascript/jscomp/ReplayMain.java; closure:test/com/google/javascript/jscomp/integration/IntegrationTest.java; closure:test/com/google/javascript/jscomp/integration/AdvancedOptimizationsIntegrationTest.java; closure:test/com/google/javascript/jscomp/integration/ClosureIntegrationTest.java; closure:test/com/google/javascript/jscomp/integration/GetterAndSetterIntegrationTest.java; closure:test/com/google/javascript/jscomp/integration/ClosurePrimitivesIntegrationTest.java; closure:test/com/google/javascript/jscomp/MultiPassTest.java; closure:test/com/google/javascript/jscomp/TranspileAndOptimizeClosureUnawareTest.java; closure:test/com/google/javascript/jscomp/integration/ClosureUnawareCodeIntegrationTest.java; closure:test/com/google/javascript/jscomp/ClosureUnawarePhaseOptimizerTest.java; closure:test/com/google/javascript/jscomp/ProcessClosureProvidesAndRequiresTest.java; closure:test/com/google/javascript/jscomp/integration/CommonJSIntegrationTest.java
crates/testing/tests/check_goog_js_import_test.rs	59c35c1c8ffb5d51	Apache-2.0	closure:test/com/google/javascript/jscomp/CheckGoogJsImportTest.java; own:oracle/replay/src/com/google/javascript/jscomp/ReplayDsl.java
crates/testing/tests/closure_optimizations_records.rs	5462c124145ff12f	Apache-2.0	own:oracle/replay/src/com/google/javascript/jscomp/ReplayMain.java; closure:test/com/google/javascript/jscomp/ReplaceTogglesTest.java; closure:test/com/google/javascript/jscomp/ClosureOptimizePrimitivesTest.java; closure:test/com/google/javascript/jscomp/AngularPassTest.java; closure:test/com/google/javascript/jscomp/GenerateExportsTest.java; closure:test/com/google/javascript/jscomp/ReplaceIdGeneratorsTest.java; closure:test/com/google/javascript/jscomp/ClosureCodeRemovalTest.java; closure:test/com/google/javascript/jscomp/ReplaceCssNamesTest.java; closure:test/com/google/javascript/jscomp/ProcessDefinesTest.java
crates/testing/tests/closure_rewrite_module_records.rs	635a93c469995a24	Apache-2.0	own:oracle/replay/src/com/google/javascript/jscomp/ReplayMain.java; closure:test/com/google/javascript/jscomp/CheckGoogJsImportTest.java; closure:test/com/google/javascript/jscomp/RewriteGoogJsImportsTest.java; closure:test/com/google/javascript/jscomp/MissingProvideTest.java; closure:test/com/google/javascript/jscomp/CheckMissingRequiresTest.java; closure:test/com/google/javascript/jscomp/ClosureRewriteModuleTest.java
crates/testing/tests/conformance_records.rs	a49b4a8f186f3687	Apache-2.0	own:oracle/replay/src/com/google/javascript/jscomp/ReplayMain.java; closure:test/com/google/javascript/jscomp/CheckConformanceTest.java
crates/testing/tests/const_check_test.rs	435531e7fcb1d832	Apache-2.0	closure:test/com/google/javascript/jscomp/ConstCheckTest.java
crates/testing/tests/cross_checks.rs	322fc2ba37b98b96	Apache-2.0	-
crates/testing/tests/cross_chunk_code_motion_test.rs	eecdb90ae0e0f503	Apache-2.0	closure:test/com/google/javascript/jscomp/CrossChunkCodeMotionTest.java; closure:test/com/google/javascript/jscomp/CompilerTestCase.java
crates/testing/tests/cross_chunk_method_motion_test.rs	9bfd7851860d5c1d	Apache-2.0	closure:test/com/google/javascript/jscomp/CrossChunkMethodMotionTest.java; closure:test/com/google/javascript/jscomp/CompilerTestCase.java
crates/testing/tests/cross_chunk_reference_collector_test.rs	b12b5b2649435ccc	Apache-2.0	closure:src/com/google/javascript/jscomp/CrossChunkReferenceCollector.java; closure:test/com/google/javascript/jscomp/CrossChunkReferenceCollectorTest.java; closure:test/com/google/javascript/jscomp/CompilerTestCase.java; closure:src/com/google/javascript/jscomp/ReferenceCollection.java
crates/testing/tests/declared_global_externs_on_window_test.rs	1f641c6f792e5f85	Apache-2.0	closure:test/com/google/javascript/jscomp/DeclaredGlobalExternsOnWindowTest.java
crates/testing/tests/descriptors_load.rs	322fc2ba37b98b96	Apache-2.0	-
crates/testing/tests/devirtualize_methods_test.rs	7fbbe5cf5211182f	Apache-2.0	closure:test/com/google/javascript/jscomp/DevirtualizeMethodsTest.java
crates/testing/tests/disambiguate_records.rs	e18db3741431be02	Apache-2.0	own:oracle/replay/src/com/google/javascript/jscomp/ReplayMain.java; closure:test/com/google/javascript/jscomp/disambiguate/AmbiguatePropertiesTest.java; closure:test/com/google/javascript/jscomp/disambiguate/DisambiguatePropertiesTest.java; closure:test/com/google/javascript/jscomp/disambiguate/ColorFindPropertyReferencesTest.java; closure:test/com/google/javascript/jscomp/disambiguate/ColorGraphBuilderTest.java
crates/testing/tests/es_modules_records.rs	7b75a37461a48f2d	Apache-2.0	own:oracle/replay/src/com/google/javascript/jscomp/ReplayMain.java; closure:test/com/google/javascript/jscomp/Es6RelativizeImportPathsTest.java; closure:test/com/google/javascript/jscomp/Es6RewriteModulesToCommonJsModulesTest.java; closure:test/com/google/javascript/jscomp/Es6RewriteModulesBeforeTypeCheckingTest.java; closure:test/com/google/javascript/jscomp/Es6RewriteModulesTest.java; closure:test/com/google/javascript/jscomp/Es6RewriteModulesWithGoogInteropTest.java; closure:test/com/google/javascript/jscomp/RewriteDynamicImportsTest.java; closure:test/com/google/javascript/jscomp/ForbidDynamicImportUsageTest.java; closure:test/com/google/javascript/jscomp/integration/EsModuleIntegrationTest.java
crates/testing/tests/global_namespace_test.rs	f7adfdfd7dde0f02	Apache-2.0	closure:test/com/google/javascript/jscomp/GlobalNamespaceTest.java
crates/testing/tests/ijs_records.rs	26a04dcb73aa2223	Apache-2.0	closure:test/com/google/javascript/jscomp/ijs/ConvertToTypedInterfaceTest.java
crates/testing/tests/inline_object_literals_test.rs	5578a6dc324cca80	Apache-2.0	closure:test/com/google/javascript/jscomp/InlineObjectLiteralsTest.java
crates/testing/tests/inline_properties_test.rs	5cc1326a633deaf3	Apache-2.0	closure:test/com/google/javascript/jscomp/InlinePropertiesTest.java
crates/testing/tests/inline_simple_methods_test.rs	9b72adac2a1fe3be	Apache-2.0	closure:test/com/google/javascript/jscomp/InlineSimpleMethodsTest.java
crates/testing/tests/missing_provide_test.rs	4463257c9c9ef0fa	Apache-2.0	closure:test/com/google/javascript/jscomp/MissingProvideTest.java; own:oracle/replay/src/com/google/javascript/jscomp/ReplayDsl.java
crates/testing/tests/native_compiler_harness.rs	8c52f45d1de0a47d	Apache-2.0	closure:test/com/google/javascript/jscomp/CompilerTestCase.java; own:oracle/replay/src/com/google/javascript/jscomp/ReplayDsl.java; closure:test/com/google/javascript/jscomp/integration/IntegrationTestCase.java; closure:test/com/google/javascript/jscomp/CompilerTypeTestCase.java; closure:test/com/google/javascript/jscomp/TypeCheckTestCase.java; closure:src/com/google/javascript/jscomp/PhaseOptimizer.java
crates/testing/tests/node_printing_test.rs	322fc2ba37b98b96	Apache-2.0	-
crates/testing/tests/optimize_calls_integration_test.rs	a1ad12a74071abb5	Apache-2.0	closure:test/com/google/javascript/jscomp/OptimizeCallsIntegrationTest.java; closure:src/com/google/javascript/jscomp/CompilerPass.java
crates/testing/tests/optimize_calls_support/mod.rs	c32e9f1402698871	Apache-2.0	closure:test/com/google/javascript/jscomp/CompilerTestCase.java; closure:src/com/google/javascript/jscomp/SourceFile.java; closure:src/com/google/javascript/jscomp/NodeUtil.java; closure:src/com/google/javascript/jscomp/testing/CodeSubTree.java
crates/testing/tests/optimize_constructors_test.rs	ab319cc2e914cbce	Apache-2.0	closure:test/com/google/javascript/jscomp/OptimizeConstructorsTest.java
crates/testing/tests/optimize_parameters_test.rs	bf38b5adffd46018	Apache-2.0	closure:test/com/google/javascript/jscomp/OptimizeParametersTest.java
crates/testing/tests/optimize_returns_test.rs	80b5cc53a44c8d49	Apache-2.0	closure:test/com/google/javascript/jscomp/OptimizeReturnsTest.java
crates/testing/tests/process_closure_primitives_test.rs	41a2313b1d23b18a	Apache-2.0	closure:test/com/google/javascript/jscomp/ProcessClosurePrimitivesTest.java; own:oracle/replay/src/com/google/javascript/jscomp/ReplayDsl.java; closure:test/com/google/javascript/jscomp/CompilerTestCase.java
crates/testing/tests/process_closure_provides_and_requires_test.rs	5e7334a0e346b315	Apache-2.0	closure:test/com/google/javascript/jscomp/ProcessClosureProvidesAndRequiresTest.java; own:oracle/replay/src/com/google/javascript/jscomp/ReplayDsl.java
crates/testing/tests/records_load.rs	322fc2ba37b98b96	Apache-2.0	-
crates/testing/tests/remove_unnecessary_synthetic_externs_test.rs	4ba721fb17d6ef12	Apache-2.0	closure:test/com/google/javascript/jscomp/RemoveUnnecessarySyntheticExternsTest.java
crates/testing/tests/replace_messages_records.rs	263ac9bdebecf1bb	Apache-2.0	own:oracle/replay/src/com/google/javascript/jscomp/ReplayMain.java; closure:test/com/google/javascript/jscomp/ReplaceMessagesTest.java
crates/testing/tests/replay_harness.rs	c87f4e691fa6a5cc	Apache-2.0	own:oracle/replay/src/com/google/javascript/jscomp/ReplayValues.java; own:oracle/replay/src/com/google/javascript/jscomp/ReplayDsl.java; closure:src/com/google/javascript/jscomp/JSError.java; closure:test/com/google/javascript/jscomp/CompilerTestCase.java; closure:test/com/google/javascript/jscomp/UnitTestUtils.java; closure:src/com/google/javascript/jscomp/CompilerOptions.java; own:oracle/replay/src/com/google/javascript/jscomp/ReplayBridge.java; own:UnitRecorder.java (oracle/patches/0002-recording-hooks.patch); own:oracle/replay/src/com/google/javascript/jscomp/ReplayMain.java; own:oracle/replay/src/com/google/javascript/jscomp/ReplayCompilerTest.java; closure:src/com/google/javascript/jscomp/NodeTraversal.java
crates/testing/tests/rewrite_dynamic_imports_test.rs	012f3c92404227c1	Apache-2.0	closure:test/com/google/javascript/jscomp/RewriteDynamicImportsTest.java
crates/testing/tests/rewrite_goog_js_imports_test.rs	bb9287ed31582fed	Apache-2.0	closure:test/com/google/javascript/jscomp/RewriteGoogJsImportsTest.java; own:oracle/replay/src/com/google/javascript/jscomp/ReplayDsl.java; closure:test/com/google/javascript/jscomp/CompilerTestCase.java
crates/testing/tests/scoped_aliases_test.rs	afb33df47be72c72	Apache-2.0	closure:test/com/google/javascript/jscomp/ScopedAliasesTest.java; own:oracle/replay/src/com/google/javascript/jscomp/ReplayDsl.java
crates/testing/tests/strict_mode_check_test.rs	7779315212ce198f	Apache-2.0	closure:test/com/google/javascript/jscomp/StrictModeCheckTest.java
crates/testing/tests/support/cross_chunk_fixture.rs	3b73e653fe4ebb80	Apache-2.0	closure:test/com/google/javascript/jscomp/CompilerTestCase.java
crates/testing/tests/support/mod.rs	322fc2ba37b98b96	Apache-2.0	-
crates/testing/tests/test_externs_builder.rs	1e43c275552915ee	Apache-2.0	closure:src/com/google/javascript/jscomp/testing/TestExternsBuilder.java
crates/testing/tests/testing_utilities.rs	322fc2ba37b98b96	Apache-2.0	-
crates/testing/tests/transpile_es2015_records.rs	e9928d4d80fe6c79	Apache-2.0	own:oracle/replay/src/com/google/javascript/jscomp/ReplayMain.java
crates/testing/tests/transpile_generators_records.rs	e9928d4d80fe6c79	Apache-2.0	own:oracle/replay/src/com/google/javascript/jscomp/ReplayMain.java
crates/testing/tests/transpile_misc_records.rs	1eebbfcd259d79b7	Apache-2.0	own:oracle/replay/src/com/google/javascript/jscomp/ReplayMain.java; closure:test/com/google/javascript/jscomp/Es6RewriteBlockScopedDeclarationTest.java; closure:test/com/google/javascript/jscomp/Es6RewriteBlockScopedFunctionDeclarationTest.java; closure:test/com/google/javascript/jscomp/Es6ForOfConverterTest.java; closure:test/com/google/javascript/jscomp/LateEs6ToEs3ConverterTest.java; closure:test/com/google/javascript/jscomp/Es6TemplateLiteralsTest.java; closure:test/com/google/javascript/jscomp/Es7RewriteExponentialOperatorTest.java; closure:test/com/google/javascript/jscomp/RewriteObjectSpreadTest.java; closure:test/com/google/javascript/jscomp/RewriteOptionalChainingOperatorTest.java; closure:test/com/google/javascript/jscomp/RewriteNullishCoalesceOperatorTest.java; closure:test/com/google/javascript/jscomp/RewriteLogicalAssignmentOperatorsTest.java; closure:test/com/google/javascript/jscomp/InstrumentAsyncContextTest.java; closure:test/com/google/javascript/jscomp/Es6TranspilationIntegrationTest.java; closure:test/com/google/javascript/jscomp/integration/ES2021IntegrationTest.java; closure:test/com/google/javascript/jscomp/integration/ES2022IntegrationTest.java; closure:test/com/google/javascript/jscomp/integration/OptionalChainingIntegrationTest.java; closure:test/com/google/javascript/jscomp/integration/TranspileOnlyIntegrationTest.java
crates/testing/tests/unit_replay_runner.rs	e9928d4d80fe6c79	Apache-2.0	own:oracle/replay/src/com/google/javascript/jscomp/ReplayMain.java
crates/testing/tests/unused_locals_check_test.rs	29f4c53721bc6a79	Apache-2.0	closure:test/com/google/javascript/jscomp/UnusedLocalsCheckTest.java
crates/testing/tests/validity_check_test.rs	ce192121462d3516	Apache-2.0	closure:test/com/google/javascript/jscomp/ValidityCheckTest.java; closure:src/com/google/javascript/jscomp/CompilerPass.java
crates/testing/tests/var_check_test.rs	ac3eb2ba6821218f	Apache-2.0	closure:test/com/google/javascript/jscomp/VarCheckTest.java; closure:src/com/google/javascript/jscomp/CompilerPass.java; closure:test/com/google/javascript/jscomp/CompilerTestCase.java; closure:src/com/google/javascript/jscomp/testing/TestExternsBuilder.java
crates/testing/tests/var_checks_records.rs	a032dd160ab72e8e	Apache-2.0	own:oracle/replay/src/com/google/javascript/jscomp/ReplayMain.java; closure:test/com/google/javascript/jscomp/VarCheckTest.java; closure:test/com/google/javascript/jscomp/VariableReferenceCheckTest.java; closure:test/com/google/javascript/jscomp/UnusedLocalsCheckTest.java; closure:test/com/google/javascript/jscomp/ConstCheckTest.java; closure:test/com/google/javascript/jscomp/ValidityCheckTest.java; closure:test/com/google/javascript/jscomp/StrictModeCheckTest.java; closure:test/com/google/javascript/jscomp/DeclaredGlobalExternsOnWindowTest.java; closure:test/com/google/javascript/jscomp/RemoveUnnecessarySyntheticExternsTest.java
crates/testing/tests/var_checks_support/mod.rs	832e34e0406318ca	Apache-2.0	own:oracle/replay/src/com/google/javascript/jscomp/ReplayDsl.java; closure:test/com/google/javascript/jscomp/CompilerTestCase.java
crates/testing/tests/variable_reference_check_test.rs	c15fa8e41868300b	Apache-2.0	closure:test/com/google/javascript/jscomp/VariableReferenceCheckTest.java
